Monat,Rohdaten,Trendbereinigte Zeitreihe,Trendkomponente,Saisonale Komponente (Mittel),Saisonale Komponente (Standardabweichung),Saisonbereinigte Zeitreihe,Normierte Zeitreihe,Autokorrelation (Saisonfigur),Autokorrelative Komponente,Zufallskomponente
11/1959,0.425,0.5487318347193351,-0.12373183471933508,1.110025,0.7690523872760555,-0.685025,-0.8907390593069007,0.46185765782723365,-0.4113946556667185,-0.47934440364018216
12/1959,0.377,0.5002152091046406,-0.12321520910464057,1.7079,1.1734057013667525,-1.3309,-1.134219817109975,0.48059933480737943,-0.5451052896284015,-0.5891145274815736
01/1960,0.582,0.7046985834899459,-0.12269858348994589,1.6002999999999996,1.0068155541110795,-1.0182999999999995,-1.0114067028881568,0.34514101739868874,-0.34907793843867174,-0.6623287644494851
02/1960,0.328,0.4501819578752515,-0.12218195787525149,1.402025,0.7544804333943989,-1.074025,-1.4235292957406116,0.4196229802799043,-0.5973456055944287,-0.8261836901461829
03/1960,1.31,1.431665332260557,-0.12166533226055698,2.2176000000000005,1.0338432134516338,-0.9076000000000004,-0.8778894015948973,-0.020098529201029617,0.01764428577322946,-0.8955336873681267
04/1960,1.133,1.2541487066458625,-0.12114870664586253,2.7356000000000003,1.414785103823192,-1.6026000000000002,-1.132751536377697,0.49634635880103123,-0.5622371005073438,-0.5705144358703532
05/1960,0.916,1.036632081031168,-0.12063208103116796,1.7487,0.9181740357906011,-0.8326999999999999,-0.9069086769405289,0.5713401275307383,-0.5181533191419349,-0.38875535779859405
06/1960,0.616,0.7361154554164734,-0.1201154554164734,1.2726250000000003,0.7400365763764654,-0.6566250000000003,-0.8872872246600517,0.14934274461245026,-0.1325099093902959,-0.7547773152697559
07/1960,0.354,0.4735988298017788,-0.11959882980177883,1.1700249999999996,0.8026661350617703,-0.8160249999999997,-1.016643115181633,0.24406371397250995,-0.2481256944758116,-0.7685174207058215
08/1960,0.265,0.3840822041870844,-0.11908220418708437,0.9759500000000001,0.8019349708673389,-0.7109500000000001,-0.8865432059049211,0.4128413642938783,-0.3660017066312563,-0.5205414992736648
09/1960,0.2,0.31856557857238976,-0.11856557857238975,0.8639500000000002,0.5493960297453924,-0.6639500000000003,-1.2085089153405346,0.5506659346567532,-0.6654846914070145,-0.5430242239335201
10/1960,1.287,1.4050489529576953,-0.11804895295769535,0.9608499999999998,0.6798271306001255,0.32615000000000016,0.4797543159421828,-0.013852909594518388,-0.00664599316632707,0.4864003091085099
11/1960,0.705,0.8225323273430009,-0.1175323273430009,1.110025,0.7690523872760555,-0.4050250000000001,-0.5266546293869239,0.46185765782723365,-0.24323947361251444,-0.28341515577440946
12/1960,0.811,0.9280157017283065,-0.11701570172830644,1.7079,1.1734057013667525,-0.8968999999999999,-0.7643562656592806,0.48059933480737943,-0.36734911283170285,-0.39700715282757776
01/1961,0.462,0.5784990761136117,-0.11649907611361171,1.6002999999999996,1.0068155541110795,-1.1382999999999996,-1.130594372873995,0.34514101739868874,-0.3902144921189631,-0.7403798807550318
02/1961,1.866,1.9819824504989174,-0.11598245049891731,1.402025,0.7544804333943989,0.463975,0.6149596191813508,0.4196229802799043,0.2580511881526734,0.35690843102867736
03/1961,2.603,2.7184658248842233,-0.11546582488422308,2.2176000000000005,1.0338432134516338,0.38539999999999974,0.3727837983414203,-0.020098529201029617,-0.007492406056635772,0.38027620439805604
04/1961,1.767,1.8819491992695283,-0.1149491992695284,2.7356000000000003,1.414785103823192,-0.9686000000000003,-0.6846269425529998,0.49634635880103123,-0.33981209007326424,-0.3448148524797356
05/1961,1.826,1.9404325736548338,-0.11443257365483372,1.7487,0.9181740357906011,0.07730000000000015,0.0841888323856167,0.5713401275307383,0.04810045823186219,0.03608837415375451
06/1961,1.507,1.6209159480401392,-0.11391594804013927,1.2726250000000003,0.7400365763764654,0.23437499999999956,0.3167073189106402,0.14934274461245026,0.04729794024496557,0.2694093786656746
07/1961,0.688,0.8013993224254448,-0.11339932242544482,1.1700249999999996,0.8026661350617703,-0.4820249999999997,-0.6005298827798494,0.24406371397250995,-0.1465675535427261,-0.4539623292371233
08/1961,0.474,0.5868826968107503,-0.11288269681075036,0.9759500000000001,0.8019349708673389,-0.5019500000000001,-0.6259235701582041,0.4128413642938783,-0.258407140647808,-0.3675164295103961
09/1961,0.297,0.40936607119605584,-0.11236607119605585,0.8639500000000002,0.5493960297453924,-0.5669500000000003,-1.0319513962682676,0.5506659346567532,-0.5682604801464071,-0.46369091612186053
10/1961,0.274,0.38584944558136125,-0.11184944558136123,0.9608499999999998,0.6798271306001255,-0.6868499999999997,-1.0103303753024313,-0.013852909594518388,0.013996015349660414,-1.0243263906520916
11/1961,0.599,0.7103328199666668,-0.11133281996666677,1.110025,0.7690523872760555,-0.5110250000000001,-0.6644865921423437,0.46185765782723365,-0.30689822110446313,-0.3575883710378806
12/1961,0.848,0.9588161943519723,-0.11081619435197232,1.7079,1.1734057013667525,-0.8599,-0.732824119567862,0.48059933480737943,-0.352194784395118,-0.380629335172744
01/1962,0.805,0.9152995687372779,-0.11029956873727786,1.6002999999999996,1.0068155541110795,-0.7952999999999996,-0.7899162828311411,0.34514101739868874,-0.27263250951613044,-0.5172837733150106
02/1962,0.902,1.0117829431225833,-0.1097829431225833,1.402025,0.7544804333943989,-0.500025,-0.6627408450480197,0.4196229802799043,-0.2781012885522723,-0.3846395564957474
03/1962,0.828,0.9372663175078887,-0.10926631750788873,2.2176000000000005,1.0338432134516338,-1.3896000000000006,-1.3441109656856205,-0.020098529201029617,0.02701465349325656,-1.371125619178877
04/1962,2.703,2.811749691893194,-0.10874969189319428,2.7356000000000003,1.414785103823192,-0.032600000000000406,-0.023042368704550963,0.49634635880103123,-0.011436995804654706,-0.011605372899896257
05/1962,1.43,1.5382330662784998,-0.10823306627849982,1.7487,0.9181740357906011,-0.3187,-0.34710195189257426,0.5713401275307383,-0.19831327346047156,-0.1487886784321027
06/1962,0.614,0.7217164406638051,-0.10771644066380515,1.2726250000000003,0.7400365763764654,-0.6586250000000003,-0.8899897937814225,0.14934274461245026,-0.13291351848038624,-0.7570762753010363
07/1962,0.482,0.5891998150491107,-0.10719981504911069,1.1700249999999996,0.8026661350617703,-0.6880249999999997,-0.8571745710276562,0.24406371397250995,-0.2092052093278028,-0.6479693616998534
08/1962,0.325,0.4316831894344162,-0.10668318943441618,0.9759500000000001,0.8019349708673389,-0.6509500000000001,-0.8117241717192607,0.4128413642938783,-0.33511331448289794,-0.47661085723636276
09/1962,0.34,0.44616656381972186,-0.10616656381972184,0.8639500000000002,0.5493960297453924,-0.5239500000000001,-0.9536836300815921,0.5506659346567532,-0.5251610875257251,-0.42852254255586697
10/1962,0.314,0.41964993820502716,-0.10564993820502716,0.9608499999999998,0.6798271306001255,-0.6468499999999997,-0.9514918879877378,-0.013852909594518388,0.013180931104211747,-0.9646728190919495
11/1962,0.254,0.35913331259033265,-0.10513331259033265,1.110025,0.7690523872760555,-0.856025,-1.1130906218651724,0.46185765782723365,-0.5140894275641075,-0.5990011943010649
12/1962,0.248,0.3526166869756382,-0.1046166869756382,1.7079,1.1734057013667525,-1.4599,-1.2441562183476238,0.48059933480737943,-0.5979406509343327,-0.6462155674132911
01/1963,0.077,0.1811000613609437,-0.1041000613609437,1.6002999999999996,1.0068155541110795,-1.5232999999999997,-1.512988147411892,0.34514101739868874,-0.5221942685098977,-0.9907938789019943
02/1963,0.088,0.19158343574624914,-0.10358343574624915,1.402025,0.7544804333943989,-1.314025,-1.7416289963786291,0.4196229802799043,-0.730827550002299,-1.01080144637633
03/1963,0.788,0.8910668101315546,-0.10306681013155461,2.2176000000000005,1.0338432134516338,-1.4296000000000004,-1.3828015519172157,-0.020098529201029617,0.02779227737043723,-1.410593829287653
04/1963,2.023,2.12555018451686,-0.10255018451685993,2.7356000000000003,1.414785103823192,-0.7126000000000001,-0.5036807343209453,0.49634635880103123,-0.2500000984784308,-0.2536806358425145
05/1963,1.279,1.3810335589021656,-0.1020335589021657,1.7487,0.9181740357906011,-0.4697,-0.5115587913521875,0.5713401275307383,-0.29227406509062914,-0.21928472626155837
06/1963,0.882,0.9835169332874713,-0.10151693328747124,1.2726250000000003,0.7400365763764654,-0.39062500000000033,-0.5278455315177351,0.14934274461245026,-0.07882990040827617,-0.44901563110945886
07/1963,0.91,1.0110003076727767,-0.10100030767277668,1.1700249999999996,0.8026661350617703,-0.2600249999999996,-0.3239516265127954,0.24406371397250995,-0.07906483711414827,-0.24488678939864714
08/1963,0.397,0.49748368205808213,-0.10048368205808211,0.9759500000000001,0.8019349708673389,-0.5789500000000001,-0.7219413306964682,0.4128413642938783,-0.29804724390486786,-0.4238940867916003
09/1963,0.537,0.6369670564433877,-0.09996705644338766,0.8639500000000002,0.5493960297453924,-0.3269500000000002,-0.5951080501100804,0.5506659346567532,-0.3277057306356253,-0.2674023194744551
10/1963,0.839,0.9384504308286932,-0.0994504308286932,0.9608499999999998,0.6798271306001255,-0.12184999999999979,-0.17923674198238493,-0.013852909594518388,0.002482950382697997,-0.18171969236508292
11/1963,0.731,0.8299338052139985,-0.09893380521399853,1.110025,0.7690523872760555,-0.37902500000000006,-0.49284678946578314,0.46185765782723365,-0.22762506385033834,-0.26522172561544477
12/1963,1.116,1.2144171795993042,-0.09841717959930407,1.7079,1.1734057013667525,-0.5918999999999999,-0.5044291154462349,0.48059933480737943,-0.2424282973409353,-0.2620008181052996
01/1964,0.696,0.7939005539846096,-0.09790055398460962,1.6002999999999996,1.0068155541110795,-0.9042999999999997,-0.8981784164016108,0.34514101739868874,-0.30999821244239506,-0.5881802039592157
02/1964,0.602,0.6993839283699151,-0.09738392836991516,1.402025,0.7544804333943989,-0.8000250000000001,-1.0603654708455417,0.4196229802799043,-0.4449537190621102,-0.6154117517834314
03/1964,0.828,0.9248673027552204,-0.09686730275522049,2.2176000000000005,1.0338432134516338,-1.3896000000000006,-1.3441109656856205,-0.020098529201029617,0.02701465349325656,-1.371125619178877
04/1964,2.363,2.459350677140526,-0.09635067714052603,2.7356000000000003,1.414785103823192,-0.37260000000000026,-0.2633615515127481,0.49634635880103123,-0.13071854714154274,-0.13264300437120535
05/1964,0.982,1.0778340515258316,-0.09583405152583158,1.7487,0.9181740357906011,-0.7666999999999999,-0.8350268795608305,0.5713401275307383,-0.47708436385987935,-0.3579425157009512
06/1964,0.411,0.5063174259111372,-0.09531742591113718,1.2726250000000003,0.7400365763764654,-0.8616250000000003,-1.164300559600559,0.14934274461245026,-0.17387984112455918,-0.9904207184759997
07/1964,0.351,0.4458008002964424,-0.09480080029644244,1.1700249999999996,0.8026661350617703,-0.8190249999999997,-1.020380659185242,0.24406371397250995,-0.24903789334646806,-0.7713427658387739
08/1964,0.391,0.485284174681748,-0.09428417468174799,0.9759500000000001,0.8019349708673389,-0.5849500000000001,-0.7294232341150342,0.4128413642938783,-0.3011360831197037,-0.4282871509953305
09/1964,0.214,0.3077675490670535,-0.09376754906705351,0.8639500000000002,0.5493960297453924,-0.6499500000000002,-1.1830263868146405,0.5506659346567532,-0.6514523310188856,-0.5315740557957549
10/1964,0.602,0.6952509234523591,-0.09325092345235908,0.9608499999999998,0.6798271306001255,-0.3588499999999998,-0.5278547793219442,-0.013852909594518388,0.007312324536981348,-0.5351671038589256
11/1964,0.788,0.8807342978376644,-0.0927342978376644,1.110025,0.7690523872760555,-0.322025,-0.4187296019463592,0.46185765782723365,-0.1933934732178753,-0.2253361287284839
12/1964,1.193,1.28521767222297,-0.09221767222296995,1.7079,1.1734057013667525,-0.5148999999999999,-0.43880816276949886,0.48059933480737943,-0.21089091113506944,-0.2279172516344294
01/1965,0.885,0.9767010466082755,-0.0917010466082755,1.6002999999999996,1.0068155541110795,-0.7152999999999996,-0.7104578361739159,0.34514101739868874,-0.24520814039593627,-0.4652496957779796
02/1965,0.808,0.8991844209935811,-0.09118442099358104,1.402025,0.7544804333943989,-0.594025,-0.7873298944645766,0.4196229802799043,-0.33038171677868816,-0.4569481776858884
03/1965,1.692,1.7826677953788865,-0.09066779537888658,2.2176000000000005,1.0338432134516338,-0.5256000000000005,-0.5083943030831625,-0.020098529201029617,0.010217977746154043,-0.5186122808293165
04/1965,4.178,4.268151169764192,-0.09015116976419169,2.7356000000000003,1.414785103823192,1.4423999999999997,1.0195187920074813,0.49634635880103123,0.5060344401421393,0.513484351865342
05/1965,3.955,4.044634544149497,-0.08963454414949723,1.7487,0.9181740357906011,2.2063,2.4029213569519507,0.5713401275307383,1.372885394527262,1.0300359624246886
06/1965,3.054,3.143117918534803,-0.08911791853480322,1.2726250000000003,0.7400365763764654,1.7813749999999995,2.407144534290955,0.14934274461245026,0.35948957142986965,2.0476549628610856
07/1965,1.949,2.0376012929201086,-0.08860129292010854,1.1700249999999996,0.8026661350617703,0.7789750000000004,0.9704844467370649,0.24406371397250995,0.23686003842320458,0.7336244083138603
08/1965,0.905,0.9930846673054139,-0.08808466730541387,0.9759500000000001,0.8019349708673389,-0.07095000000000007,-0.0884735079245435,0.4128413642938783,-0.03652552371543379,-0.05194798420910971
09/1965,0.773,0.8605680416907194,-0.08756804169071941,0.8639500000000002,0.5493960297453924,-0.0909500000000002,-0.1655454263878633,0.5506659346567532,-0.09116022695002347,-0.07438519943783982
10/1965,0.368,0.45505141607602484,-0.08705141607602485,0.9608499999999998,0.6798271306001255,-0.5928499999999998,-0.8720599301129015,-0.013852909594518388,0.012080567372856049,-0.8841404974857575
11/1965,0.442,0.5285347904613305,-0.08653479046133045,1.110025,0.7690523872760555,-0.6680250000000001,-0.8686339332046166,0.46185765782723365,-0.4011852338991419,-0.46744869930547467
12/1965,2.189,2.275018164846636,-0.08601816484663605,1.7079,1.1734057013667525,0.4811000000000001,0.4100031212049058,0.48059933480737943,0.19704722732002708,0.2129558938848787
01/1966,1.615,1.7005015392319414,-0.08550153923194137,1.6002999999999996,1.0068155541110795,0.01470000000000038,0.014600489573265537,0.34514101739868874,0.005039227825835814,0.009561261747429724
02/1966,2.974,3.0589849136172473,-0.08498491361724714,1.402025,0.7544804333943989,1.5719750000000001,2.083519903793532,0.4196229802799043,0.8742928315023414,1.2092270722911906
03/1966,2.197,2.2814682880025527,-0.08446828800255268,2.2176000000000005,1.0338432134516338,-0.020600000000000396,-0.019925651909271952,-0.020098529201029617,0.00040047629674805384,-0.020326128206020005
04/1966,3.285,3.368951662387858,-0.08395166238785778,2.7356000000000003,1.414785103823192,0.5493999999999999,0.3883275265730104,0.49634635880103123,0.1927449538367244,0.195582572736286
05/1966,1.216,1.2994350367731633,-0.08343503677316333,1.7487,0.9181740357906011,-0.5327,-0.5801732343055359,0.5713401275307383,-0.3314762496780458,-0.24869698462749013
06/1966,1.53,1.612918411158469,-0.08291841115846887,1.2726250000000003,0.7400365763764654,0.2573749999999997,0.3477868638064046,0.14934274461245026,0.0519394447810049,0.2958474190253997
07/1966,2.837,2.9194017855437746,-0.08240178554377442,1.1700249999999996,0.8026661350617703,1.6669750000000005,2.0767974718052806,0.24406371397250995,0.5068709041375158,1.569926567667765
08/1966,1.093,1.1748851599290797,-0.08188515992907974,0.9759500000000001,0.8019349708673389,0.11704999999999988,0.14595946585719233,0.4128413642938783,0.06025810501608903,0.0857013608411033
09/1966,1.199,1.2803685343143854,-0.08136853431438529,0.8639500000000002,0.5493960297453924,0.33504999999999985,0.6098515130429186,0.5506659346567532,0.3358244534316139,0.27402705961130475
10/1966,0.625,0.7058519086996908,-0.08085190869969083,0.9608499999999998,0.6798271306001255,-0.33584999999999976,-0.4940226491159954,-0.013852909594518388,0.006843651095848364,-0.5008663002118438
11/1966,0.525,0.6053352830849964,-0.08033528308499638,1.110025,0.7690523872760555,-0.585025,-0.7607089057640518,0.46185765782723365,-0.35133923350450275,-0.40936967225954907
12/1966,1.005,1.0848186574703016,-0.0798186574703017,1.7079,1.1734057013667525,-0.7029000000000001,-0.599025553720491,0.48059933480737943,-0.28789128265069014,-0.3111342710698009
01/1967,1.464,1.5433020318556072,-0.07930203185560725,1.6002999999999996,1.0068155541110795,-0.13629999999999964,-0.13537732849224735,0.34514101739868874,-0.04672426888853074,-0.08865305960371661
02/1967,2.803,2.8817854062409127,-0.07878540624091279,1.402025,0.7544804333943989,1.4009749999999999,1.856873867088944,0.4196229802799043,0.7791869461117336,1.0776869209772104
03/1967,3.316,3.394268780626218,-0.07826878062621834,2.2176000000000005,1.0338432134516338,1.0983999999999994,1.0624434979196058,-0.020098529201029617,-0.021353551667381246,1.083797049586987
04/1967,2.252,2.3297521550115237,-0.07775215501152388,2.7356000000000003,1.414785103823192,-0.4836000000000005,-0.3418186964883656,0.49634635880103123,-0.1696604653721151,-0.1721582311162505
05/1967,1.336,1.4132355293968293,-0.0772355293968292,1.7487,0.9181740357906011,-0.41269999999999984,-0.4494790572515386,0.5713401275307383,-0.25680542189249006,-0.19267363535904852
06/1967,1.798,1.8747189037821348,-0.07671890378213475,1.2726250000000003,0.7400365763764654,0.5253749999999997,0.709931126070092,0.14934274461245026,0.10602306285311498,0.603908063216977
07/1967,2.215,2.2912022781674404,-0.07620227816744052,1.1700249999999996,0.8026661350617703,1.0449750000000002,1.3018800150570482,0.24406371397250995,0.31774167162141037,0.9841383434356379
08/1967,1.059,1.1346856525527458,-0.07568565255274584,0.9759500000000001,0.8019349708673389,0.08304999999999985,0.10356201315198474,0.4128413642938783,0.042754682798685946,0.06080733035329879
09/1967,2.346,2.4211690269380512,-0.07516902693805116,0.8639500000000002,0.5493960297453924,1.4820499999999999,2.6975986715572535,0.5506659346567532,1.4854756938018907,1.2121229777553628
10/1967,0.816,0.8906524013233567,-0.07465240132335671,0.9608499999999998,0.6798271306001255,-0.1448499999999998,-0.21306887218833376,-0.013852909594518388,0.002951623823830981,-0.21602049601216475
11/1967,0.471,0.5451357757086622,-0.07413577570866225,1.110025,0.7690523872760555,-0.6390250000000001,-0.8309251886771903,0.46185765782723365,-0.38376916147209933,-0.447156027205091
12/1967,2.012,2.085619150093968,-0.0736191500939678,1.7079,1.1734057013667525,0.30410000000000004,0.25916015206487597,0.48059933480737943,0.1245521966909587,0.1346079553739173
01/1968,3.701,3.774102524479273,-0.0731025244792729,1.6002999999999996,1.0068155541110795,2.1007000000000007,2.086479486160417,0.34514101739868874,0.7201296526348996,1.3663498335255175
02/1968,1.436,1.5085858988645786,-0.07258589886457867,1.402025,0.7544804333943989,0.033974999999999866,0.04503098887156918,0.4196229802799043,0.018896037755239063,0.026134951116330116
03/1968,2.885,2.957069273249884,-0.07206927324988399,2.2176000000000005,1.0338432134516338,0.6673999999999993,0.6455524312741666,-0.020098529201029617,-0.012974654390759503,0.6585270856649261
04/1968,4.112,4.1835526476351905,-0.07155264763519043,2.7356000000000003,1.414785103823192,1.3763999999999998,0.9728685976976549,0.49634635880103123,0.4828797860590963,0.48998881163855856
05/1968,1.764,1.835036022020495,-0.07103602202049508,1.7487,0.9181740357906011,0.015300000000000091,0.016663507574384746,0.5713401275307383,0.009520530542658404,0.007142977031726342
06/1968,1.387,1.4575193964058006,-0.07051939640580063,1.2726250000000003,0.7400365763764654,0.11437499999999967,0.15455317162839227,0.14934274461245026,0.02308139483954318,0.13147177678884908
07/1968,0.779,0.8490027707911062,-0.07000277079110617,1.1700249999999996,0.8026661350617703,-0.3910249999999996,-0.48715771467038127,0.24406371397250995,-0.11889752113281354,-0.3682601935375677
08/1968,0.662,0.7314861451764118,-0.06948614517641172,0.9759500000000001,0.8019349708673389,-0.31395000000000006,-0.3914905963764681,0.4128413642938783,-0.16162351191628513,-0.22986708446018297
09/1968,1.01,1.078969519561717,-0.06896951956171704,0.8639500000000002,0.5493960297453924,0.1460499999999998,0.2658373779433463,0.5506659346567532,0.1463875881918733,0.11944978975147297
10/1968,2.531,2.5994528939470225,-0.06845289394702236,0.9608499999999998,0.6798271306001255,1.5701500000000004,2.3096312714291525,-0.013852909594518388,-0.03199511319978061,2.341626384628933
11/1968,1.889,1.9569362683323281,-0.06793626833232813,1.110025,0.7690523872760555,0.778975,1.0129023885604072,0.46185765782723365,0.4678167247881202,0.545085663772287
12/1968,1.761,1.8284196427176336,-0.06741964271763368,1.7079,1.1734057013667525,0.053099999999999925,0.04525289074200886,0.48059933480737943,0.021748509188720476,0.023504381553288385
01/1969,1.572,1.638903017102939,-0.066903017102939,1.6002999999999996,1.0068155541110795,-0.028299999999999548,-0.028108425504993022,0.34514101739868874,-0.009701370576268542,-0.01840705492872448
02/1969,1.524,1.5903863914882446,-0.06638639148824454,1.402025,0.7544804333943989,0.12197499999999994,0.1616675457721757,0.4196229802799043,0.06783941737145821,0.0938281284007175
03/1969,1.467,1.5328697658735502,-0.06586976587355009,2.2176000000000005,1.0338432134516338,-0.7506000000000004,-0.7260288506358857,-0.020098529201029617,0.01459211205529532,-0.740620962691181
04/1969,4.854,4.919353140258856,-0.06535314025885608,2.7356000000000003,1.414785103823192,2.1184,1.49732987312025,0.49634635880103123,0.7431942304472462,0.7541356426730038
05/1969,2.845,2.9098365146441614,-0.06483651464416118,1.7487,0.9181740357906011,1.0963000000000003,1.1940002192024766,0.5713401275307383,0.6821802375108724,0.5118199816916041
06/1969,1.204,1.2683198890294665,-0.0643198890294665,1.2726250000000003,0.7400365763764654,-0.06862500000000038,-0.09273190297703614,0.14934274461245026,-0.013848836903726024,-0.07888306607331011
07/1969,0.725,0.788803263414772,-0.06380326341477205,1.1700249999999996,0.8026661350617703,-0.44502499999999967,-0.5544335067353404,0.24406371397250995,-0.1353171008046298,-0.41911640593071064
08/1969,0.439,0.5022866378000777,-0.06328663780007765,0.9759500000000001,0.8019349708673389,-0.53695,-0.6695680067665059,0.4128413642938783,-0.27642536940101703,-0.3931426373654888
09/1969,0.434,0.4967700121853831,-0.06277001218538308,0.8639500000000002,0.5493960297453924,-0.4299500000000002,-0.7825866528363024,0.5506659346567532,-0.43094381063400244,-0.3516428422022999
10/1969,0.425,0.4872533865706885,-0.06225338657068852,0.9608499999999998,0.6798271306001255,-0.5358499999999997,-0.7882150856894631,-0.013852909594518388,0.010919072323091696,-0.7991341580125548
11/1969,0.711,0.772736760955994,-0.06173676095599401,1.110025,0.7690523872760555,-0.3990250000000001,-0.518852820174353,0.46185765782723365,-0.2396361482827815,-0.27921667189157146
12/1969,0.482,0.5432201353412995,-0.06122013534129955,1.7079,1.1734057013667525,-1.2259,-1.0447366998235168,0.48059933480737943,-0.502099762984039,-0.5426369368394778
01/1970,0.337,0.39770350972660506,-0.06070350972660504,1.6002999999999996,1.0068155541110795,-1.2632999999999996,-1.2547481957759097,0.34514101739868874,-0.43306506886926655,-0.8216831269066431
02/1970,0.679,0.7391868841119105,-0.06018688411191042,1.402025,0.7544804333943989,-0.723025,-0.958308483557511,0.4196229802799043,-0.4021282618979184,-0.5561802216595926
03/1970,1.122,1.181670258497216,-0.05967025849721597,2.2176000000000005,1.0338432134516338,-1.0956000000000004,-1.059735156883395,-0.020098529201029617,0.02129911799597862,-1.0810342748793738
04/1970,6.21,6.269153632882521,-0.059153632882520846,2.7356000000000003,1.414785103823192,3.4743999999999997,2.455779319849413,0.49634635880103123,1.2189171234261291,1.2368621964232838
05/1970,4.344,4.402637007267828,-0.05863700726782728,1.7487,0.9181740357906011,2.5953000000000004,2.8265883142353254,0.5713401275307383,1.6149433279321053,1.2116449863032202
06/1970,2.215,2.2731203816531322,-0.05812038165313238,1.2726250000000003,0.7400365763764654,0.9423749999999995,1.273416787875904,0.14934274461245026,0.19017555813695786,1.0832412297389462
07/1970,0.693,0.7506037560384379,-0.057603756038437925,1.1700249999999996,0.8026661350617703,-0.4770249999999997,-0.5943006427738347,0.24406371397250995,-0.14504722209163198,-0.44925342068220264
08/1970,1.661,1.7180871304237435,-0.05708713042374347,0.9759500000000001,0.8019349708673389,0.6850499999999999,0.8542463228147774,0.4128413642938783,0.3526682173538815,0.5015781054608959
09/1970,0.842,0.898570504809049,-0.056570504809049016,0.8639500000000002,0.5493960297453924,-0.021950000000000247,-0.03995296436738463,0.5506659346567532,-0.022000736465673812,-0.01795222790171082
10/1970,1.655,1.7110538791943546,-0.05605387919435456,0.9608499999999998,0.6798271306001255,0.6941500000000003,1.0210683992373637,-0.013852909594518388,-0.014144768224454807,1.0352131674618186
11/1970,2.237,2.2925372535796598,-0.05553725357965966,1.110025,0.7690523872760555,1.126975,1.4654073228895215,0.46185765782723365,0.6768095939126311,0.7885977289768904
12/1970,1.601,1.6560206279649654,-0.05502062796496543,1.7079,1.1734057013667525,-0.1069,-0.0911023355992609,0.48059933480737943,-0.04378372188840343,-0.047318613710857466
01/1971,0.965,1.019504002350271,-0.054504002350271086,1.6002999999999996,1.0068155541110795,-0.6352999999999996,-0.6309993895166905,0.34514101739868874,-0.21778377127574206,-0.4132156182409485
02/1971,0.905,0.9589873767355765,-0.05398737673557652,1.402025,0.7544804333943989,-0.49702500000000005,-0.6587645987900445,0.4196229802799043,-0.2764327642471739,-0.38233183454287056
03/1971,1.829,1.8824707511208818,-0.05347075112088184,2.2176000000000005,1.0338432134516338,-0.3886000000000005,-0.37587904523994864,-0.020098529201029617,0.00755461596681024,-0.38343366120675887
04/1971,2.603,2.6559541255061876,-0.05295412550618739,2.7356000000000003,1.414785103823192,-0.13260000000000005,-0.09372448129519696,0.49634635880103123,-0.04651980502138637,-0.04720467627381059
05/1971,1.261,1.3134374998914928,-0.052437499891492934,1.7487,0.9181740357906011,-0.4877,-0.531162917910287,0.5713401275307383,-0.30347468925846244,-0.2276882286518246
06/1971,2.018,2.0699208742767983,-0.05192087427679848,1.2726250000000003,0.7400365763764654,0.7453749999999995,1.0072137294208798,0.14934274461245026,0.15042006276305603,0.8567936666578237
07/1971,1.789,1.8404042486621037,-0.0514042486621038,1.1700249999999996,0.8026661350617703,0.6189750000000003,0.7711487665445935,0.24406371397250995,0.1882094319881935,0.5829393345564
08/1971,0.636,0.6868876230474094,-0.05088762304740935,0.9759500000000001,0.8019349708673389,-0.3399500000000001,-0.4239121778569209,0.4128413642938783,-0.1750084818472404,-0.24890369600968051
09/1971,0.385,0.4353709974327149,-0.05037099743271489,0.8639500000000002,0.5493960297453924,-0.4789500000000002,-0.8717755026769322,0.5506659346567532,-0.4800570719924537,-0.3917184306844785
10/1971,0.434,0.4838543718180204,-0.04985437181802038,0.9608499999999998,0.6798271306001255,-0.5268499999999998,-0.7749764260436572,-0.013852909594518388,0.010735678367865749,-0.785712104411523
11/1971,0.731,0.7803377462033257,-0.04933774620332576,1.110025,0.7690523872760555,-0.37902500000000006,-0.49284678946578314,0.46185765782723365,-0.22762506385033834,-0.26522172561544477
12/1971,3.453,3.501821120588631,-0.048821120588631306,1.7079,1.1734057013667525,1.7450999999999999,1.4872094093009371,0.48059933480737943,0.7147518528293061,0.7724575564716311
01/1972,1.039,1.0873044949739368,-0.04830449497393685,1.6002999999999996,1.0068155541110795,-0.5612999999999997,-0.5575003263587571,0.34514101739868874,-0.19241622983956244,-0.3650840965191947
02/1972,0.656,0.7037878693592424,-0.047787869359242396,1.402025,0.7544804333943989,-0.746025,-0.9887930382019877,0.4196229802799043,-0.41492028157033933,-0.5738727566316484
03/1972,0.976,1.0232712437445477,-0.04727124374454772,2.2176000000000005,1.0338432134516338,-1.2416000000000005,-1.2009557966287179,-0.020098529201029617,0.02413744514768807,-1.225093241776406
04/1972,1.347,1.3937546181298532,-0.046754618129853265,2.7356000000000003,1.414785103823192,-1.3886000000000003,-0.981491815433714,0.49634635880103123,-0.4871598887835377,-0.4943319266501763
05/1972,1.276,1.3222379925151588,-0.04623799251515881,1.7487,0.9181740357906011,-0.4726999999999999,-0.5148261457785372,0.5713401275307383,-0.2941408357852679,-0.22068530999326935
06/1972,1.076,1.1217213669004644,-0.045721366900464355,1.2726250000000003,0.7400365763764654,-0.19662500000000027,-0.2656963267447673,0.14934274461245026,-0.03967981866950992,-0.22601650807525736
07/1972,0.699,0.7442047412857696,-0.04520474128576968,1.1700249999999996,0.8026661350617703,-0.4710249999999997,-0.586825554766617,0.24406371397250995,-0.14322282435031908,-0.44360273041629794
08/1972,1.033,1.0776881156710751,-0.044688115671075224,0.9759500000000001,0.8019349708673389,0.05704999999999982,0.07114043167153188,0.4128413642938783,0.029369712867730647,0.04177071880380123
09/1972,1.007,1.0511714900563807,-0.04417149005638077,0.8639500000000002,0.5493960297453924,0.14304999999999968,0.26037683611636875,0.5506659346567532,0.14338065382298845,0.1169961822933803
10/1972,1.064,1.1076548644416864,-0.043654864441686314,0.9608499999999998,0.6798271306001255,0.1031500000000003,0.15172974916276644,-0.013852909594518388,-0.0021018984979507553,0.1538316476607172
11/1972,1.122,1.165138238826992,-0.04313823882699186,1.110025,0.7690523872760555,0.011975000000000069,0.015571110886756246,0.46185765782723365,0.007191636803925379,0.008379474082830867
12/1972,0.819,0.8616216132122971,-0.04262161321229718,1.7079,1.1734057013667525,-0.8889,-0.7575385043422171,0.48059933480737943,-0.3640725012778467,-0.39346600306437046
01/1973,0.354,0.3961049875976026,-0.04210498759760262,1.6002999999999996,1.0068155541110795,-1.2462999999999997,-1.2378632758612493,0.34514101739868874,-0.4272373904312253,-0.8106258854300241
02/1973,0.551,0.5925883619829083,-0.04158836198290827,1.402025,0.7544804333943989,-0.851025,-1.1279616572311204,0.4196229802799043,-0.4733186322487826,-0.6546430249823378
03/1973,1.692,1.7330717363682138,-0.04107173636821382,2.2176000000000005,1.0338432134516338,-0.5256000000000005,-0.5083943030831625,-0.020098529201029617,0.010217977746154043,-0.5186122808293165
04/1973,3.019,3.0595551107535193,-0.04055511075351914,2.7356000000000003,1.414785103823192,0.2833999999999999,0.20031310708189137,0.49634635880103123,0.09942468132021784,0.10088842576167353
05/1973,2.828,2.8680384851388245,-0.040038485138824687,1.7487,0.9181740357906011,1.0793,1.1754852107864933,0.5713401275307383,0.6716018702412518,0.5038833405452414
06/1973,1.05,1.0895218595241303,-0.03952185952413023,1.2726250000000003,0.7400365763764654,-0.2226250000000003,-0.3008297253225877,0.14934274461245026,-0.04492673684068478,-0.25590298848190296
07/1973,0.896,0.9350052339094358,-0.03900523390943578,1.1700249999999996,0.8026661350617703,-0.27402499999999963,-0.3413934985296367,0.24406371397250995,-0.08332176517721174,-0.25807173335242495
08/1973,0.588,0.6264886082947411,-0.0384886082947411,0.9759500000000001,0.8019349708673389,-0.38795000000000013,-0.4837674052054493,0.4128413642938783,-0.19971919556592713,-0.28404820963952215
09/1973,0.237,0.2749719826800465,-0.037971982680046534,0.8639500000000002,0.5493960297453924,-0.6269500000000002,-1.1411622328078141,0.5506659346567532,-0.6283991675241023,-0.5127630652837118
10/1973,0.377,0.4144553570653522,-0.03745535706535219,0.9608499999999998,0.6798271306001255,-0.5838499999999998,-0.8588212704670954,-0.013852909594518388,0.011897173417630098,-0.8707184438847255
11/1973,0.554,0.5909387314506578,-0.036938731450657736,1.110025,0.7690523872760555,-0.556025,-0.7230001612366256,0.46185765782723365,-0.3339231610774602,-0.3890770001591654
12/1973,1.233,1.2694221058359632,-0.03642210583596306,1.7079,1.1734057013667525,-0.4748999999999999,-0.40471935618418137,0.48059933480737943,-0.19450785336578844,-0.21021150281839293
01/1974,2.64,2.6759054802212687,-0.035905480221268604,1.6002999999999996,1.0068155541110795,1.0397000000000005,1.0326618373689656,0.34514101739868874,0.356413957178324,0.6762478801906415
02/1974,2.006,2.041388854606574,-0.03538885460657415,1.402025,0.7544804333943989,0.6039749999999997,0.8005177778868606,0.4196229802799043,0.33591565572393095,0.4646021221629297
03/1974,2.92,2.9548722289918796,-0.034872228991879695,2.2176000000000005,1.0338432134516338,0.7023999999999995,0.6794066942268125,-0.020098529201029617,-0.013655075283292592,0.6930617695101051
04/1974,1.467,1.5013556033771853,-0.03435560337718524,2.7356000000000003,1.414785103823192,-1.2686000000000002,-0.8966732803249384,0.49634635880103123,-0.44506051772345956,-0.45161276260147887
05/1974,1.687,1.7208389777624906,-0.03383897776249056,1.7487,0.9181740357906011,-0.061699999999999866,-0.06719858936859675,0.5713401275307383,-0.038393250619739784,-0.02880533874885697
06/1974,1.267,1.300322352147796,-0.03332235214779611,1.2726250000000003,0.7400365763764654,-0.005625000000000435,-0.007600975653855967,0.14934274461245026,-0.0011351505658792637,-0.006465825087976704
07/1974,1.712,1.7448057265331016,-0.03280572653310165,1.1700249999999996,0.8026661350617703,0.5419750000000003,0.6752184704519668,0.24406371397250995,0.1647963276413445,0.5104221428106224
08/1974,0.947,0.9792891009184069,-0.03228910091840698,0.9759500000000001,0.8019349708673389,-0.028950000000000142,-0.036100183994581314,0.4128413642938783,-0.014903649211582978,-0.021196534782998336
09/1974,0.736,0.7677724753037125,-0.03177247530371252,0.8639500000000002,0.5493960297453924,-0.12795000000000023,-0.23289210892058382,0.5506659346567532,-0.12824575083293566,-0.10464635808764816
10/1974,2.283,2.314255849689018,-0.03125584968901807,0.9608499999999998,0.6798271306001255,1.3221500000000002,1.9448326500780524,-0.013852909594518388,-0.026941590877998873,1.9717742409560512
11/1974,2.628,2.6587392240743237,-0.030739224074323612,1.110025,0.7690523872760555,1.517975,1.9738252232420608,0.46185765782723365,0.9116262945668948,1.062198928675166
12/1974,6.881,6.911222598459629,-0.030222598459628713,1.7079,1.1734057013667525,5.1731,4.408620133662643,0.48059933480737943,2.1187799036566863,2.2898402300059564
01/1975,3.647,3.676705972844934,-0.02970597284493426,1.6002999999999996,1.0068155541110795,2.0467000000000004,2.0328450346667895,0.34514101739868874,0.7016182034787684,1.331226831188021
02/1975,1.59,1.61918934723024,-0.029189347230240026,1.402025,0.7544804333943989,0.187975,0.2491449634476306,0.4196229802799043,0.10454695208362257,0.14459801136400802
03/1975,1.555,1.5836727216155455,-0.02867272161554557,2.2176000000000005,1.0338432134516338,-0.6626000000000005,-0.6409095609263763,-0.020098529201029617,0.012881339525497845,-0.6537909004518742
04/1975,2.614,2.6421560960008508,-0.028156096000850894,2.7356000000000003,1.414785103823192,-0.12160000000000037,-0.0859494489102261,0.49634635880103123,-0.04266069600754599,-0.04328875290268011
05/1975,2.186,2.2136394703861564,-0.02763947038615644,1.7487,0.9181740357906011,0.4373,0.47627136354760824,0.5713401275307383,0.2721129415885291,0.20415842195907913
06/1975,1.421,1.448122844771462,-0.027122844771461985,1.2726250000000003,0.7400365763764654,0.1483749999999997,0.20049684669169593,0.14934274461245026,0.029942749371079536,0.17055409732061638
07/1975,0.873,0.8996062191567675,-0.02660621915676753,1.1700249999999996,0.8026661350617703,-0.29702499999999965,-0.3700480025573044,0.24406371397250995,-0.09031528985224457,-0.27973271270505984
08/1975,0.594,0.620089593542073,-0.026089593542073075,0.9759500000000001,0.8019349708673389,-0.3819500000000001,-0.4762855017868833,0.4128413642938783,-0.1966303563510913,-0.27965514543579195
09/1975,0.391,0.4165729679273784,-0.0255729679273784,0.8639500000000002,0.5493960297453924,-0.4729500000000002,-0.8608544190229774,0.5506659346567532,-0.47404320325468413,-0.3868112157682933
10/1975,0.656,0.681056342312684,-0.025056342312683944,0.9608499999999998,0.6798271306001255,-0.30484999999999973,-0.4484228214471079,-0.013852909594518388,0.006211960805625647,-0.4546347822527335
11/1975,0.736,0.7605397166979895,-0.02453971669798949,1.110025,0.7690523872760555,-0.37402500000000005,-0.48634528178864067,0.46185765782723365,-0.22462229274222753,-0.2617229890464131
12/1975,1.224,1.248023091083295,-0.024023091083295034,1.7079,1.1734057013667525,-0.4839,-0.41238933766587793,0.48059933480737943,-0.19819404136387672,-0.2141952963020012
01/1976,4.164,4.1875064654686,-0.023506465468599913,1.6002999999999996,1.0068155541110795,2.5637,2.546345246189108,0.34514101739868874,0.8788481889180232,1.6674970572710848
02/1976,1.324,1.346989839853906,-0.022989839853905902,1.402025,0.7544804333943989,-0.07802500000000001,-0.10341553809283884,0.4196229802799043,-0.043395536301767006,-0.06002000179107183
03/1976,1.353,1.3754732142392114,-0.022473214239211448,2.2176000000000005,1.0338432134516338,-0.8646000000000005,-0.8362970213959324,-0.020098529201029617,0.01680834010526024,-0.8531053615011926
04/1976,2.377,2.3989565886245168,-0.021956588624516993,2.7356000000000003,1.414785103823192,-0.3586000000000005,-0.25346605575005776,0.49634635880103123,-0.12580695385120036,-0.1276591018988574
05/1976,1.022,1.0434399630098226,-0.021439963009822538,1.7487,0.9181740357906011,-0.7266999999999999,-0.7914621538761647,0.5713401275307383,-0.45219408793136073,-0.33926806594480396
06/1976,1.062,1.082923337395128,-0.02092333739512786,1.2726250000000003,0.7400365763764654,-0.21062500000000028,-0.28461431059436293,0.14934274461245026,-0.042505082300142535,-0.24210922829422038
07/1976,0.417,0.43740671178043344,-0.020406711780433462,1.1700249999999996,0.8026661350617703,-0.7530249999999996,-0.9381546911058475,0.24406371397250995,-0.228969518192026,-0.7091851729138214
08/1976,0.331,0.3508900861657389,-0.019890086165738896,0.9759500000000001,0.8019349708673389,-0.6449500000000001,-0.8042422683006947,0.4128413642938783,-0.3320244752680621,-0.47221779303263256
09/1976,0.328,0.34737346055104457,-0.019373460551044552,0.8639500000000002,0.5493960297453924,-0.5359500000000001,-0.9755257973895014,0.5506659346567532,-0.5371888250012642,-0.4383369723882372
10/1976,0.337,0.3558568349363498,-0.018856834936349764,0.9608499999999998,0.6798271306001255,-0.6238499999999998,-0.9176597577817891,-0.013852909594518388,0.012712257663078767,-0.9303720154448679
11/1976,0.622,0.6403402093216554,-0.018340209321655365,1.110025,0.7690523872760555,-0.48802500000000004,-0.6345796568274884,0.46185765782723365,-0.2930854740071535,-0.3414941828203349
12/1976,0.922,0.939823583706961,-0.01782358370696091,1.7079,1.1734057013667525,-0.7858999999999999,-0.6697598273850247,0.48059933480737943,-0.3218861275219481,-0.3478736998630766
01/1977,0.688,0.7053069580922664,-0.017306958092266456,1.6002999999999996,1.0068155541110795,-0.9122999999999997,-0.9061242610673333,0.34514101739868874,-0.3127406493544145,-0.5933836117129189
02/1977,2.38,2.396790332477572,-0.016790332477572,1.402025,0.7544804333943989,0.9779749999999998,1.2962231447144381,0.4196229802799043,0.5439250190928622,0.7522981256215759
03/1977,3.222,3.238273706862877,-0.016273706862877102,2.2176000000000005,1.0338432134516338,1.0043999999999995,0.971520620275357,-0.020098529201029617,-0.019526135556006668,0.9910467558313637
04/1977,2.08,2.095757081248183,-0.01575708124818309,2.7356000000000003,1.414785103823192,-0.6556000000000002,-0.46339193014427693,0.49634635880103123,-0.23000289722489367,-0.23338903291938326
05/1977,1.641,1.6562404556334884,-0.015240455633488414,1.7487,0.9181740357906011,-0.1076999999999999,-0.1172980239059624,0.5713401275307383,-0.06701706793753615,-0.05028095596842626
06/1977,1.436,1.4507238300187937,-0.014723830018793738,1.2726250000000003,0.7400365763764654,0.1633749999999996,0.2207661151019768,0.14934274461245026,0.03296981754675732,0.18779629755521948
07/1977,1.11,1.1242072044040994,-0.014207204404099283,1.1700249999999996,0.8026661350617703,-0.06002499999999955,-0.07478202627220625,0.24406371397250995,-0.01825157907038447,-0.05653044720182178
08/1977,4.62,4.633690578789405,-0.013690578789405272,0.9759500000000001,0.8019349708673389,3.64405,4.544071692070929,0.4128413642938783,1.8759807568037545,2.6680909352671747
09/1977,1.752,1.7651739531747104,-0.013173953174710373,0.8639500000000002,0.5493960297453924,0.8880499999999998,1.6164113898157408,0.5506659346567532,0.8901026887627064,0.7263087010530345
10/1977,1.53,1.5426573275600157,-0.012657327560015696,0.9608499999999998,0.6798271306001255,0.5691500000000003,0.8371981263789463,-0.013852909594518388,-0.011597629957427724,0.848795756336374
11/1977,2.069,2.081140701945321,-0.01214070194532102,1.110025,0.7690523872760555,0.9589749999999999,1.2469566649375352,0.46185765782723365,0.5759164846801086,0.6710401802574266
12/1977,2.08,2.0916240763306266,-0.011624076330626565,1.7079,1.1734057013667525,0.3721000000000001,0.3171111232599157,0.48059933480737943,0.1524033948987364,0.1647077283611793
01/1978,1.493,1.5041074507159324,-0.011107450715932332,1.6002999999999996,1.0068155541110795,-0.1072999999999995,-0.10657364157900302,0.34514101739868874,-0.0367829350824603,-0.06979070649654273
02/1978,0.705,0.7155908251012378,-0.010590825101237877,1.402025,0.7544804333943989,-0.6970250000000001,-0.9238476826550592,0.4196229802799043,-0.3876677179203992,-0.53617996473466
03/1978,3.059,3.0690741994865434,-0.0100741994865432,2.2176000000000005,1.0338432134516338,0.8413999999999997,0.8138564813816064,-0.020098529201029617,-0.01635731825649543,0.8302137996381018
04/1978,1.992,2.0015575738718487,-0.009557573871848746,2.7356000000000003,1.414785103823192,-0.7436000000000003,-0.5255921892240457,0.49634635880103123,-0.2608757693356177,-0.26471641988842803
05/1978,3.35,3.3590409482571544,-0.009040948257154291,1.7487,0.9181740357906011,1.6013000000000002,1.7440048809713815,0.5713401275307383,0.9964199711084191,0.7475849098629624
06/1978,1.447,1.45552432264246,-0.008524322642459836,1.2726250000000003,0.7400365763764654,0.17437499999999972,0.23563024526951637,0.14934274461245026,0.035189667542254395,0.20044057772726198
07/1978,0.713,0.7210076970277651,-0.00800769702776516,1.1700249999999996,0.8026661350617703,-0.4570249999999997,-0.5693836827497758,0.24406371397250995,-0.13896589628725564,-0.43041778646252016
08/1978,1.356,1.3634910714130708,-0.0074910714130707046,0.9759500000000001,0.8019349708673389,0.38005,0.4739162323710039,0.4128413642938783,0.1956522239330599,0.27826400843794397
09/1978,1.767,1.7739744457983762,-0.00697444579837625,0.8639500000000002,0.5493960297453924,0.9030499999999997,1.6437140989506274,0.5506659346567532,0.9051373606071301,0.7385767383434972
10/1978,1.978,1.9844578201836818,-0.006457820183681795,0.9608499999999998,0.6798271306001255,1.0171500000000002,1.496189184303514,-0.013852909594518388,-0.02072657350645279,1.5169157578099668
11/1978,1.025,1.030941194568987,-0.005941194568987118,1.110025,0.7690523872760555,-0.08502500000000013,-0.11055813804980745,0.46185765782723365,-0.05106212269342403,-0.05949601535638342
12/1978,1.424,1.4294245689542926,-0.005424568954292663,1.7079,1.1734057013667525,-0.28390000000000004,-0.24194530473929068,0.48059933480737943,-0.11627875251747181,-0.12566655222181888
01/1979,1.116,1.1209079433395983,-0.004907943339598209,1.6002999999999996,1.0068155541110795,-0.4842999999999995,-0.4810215714511775,0.34514101739868874,-0.16602027456137547,-0.31500129688980205
02/1979,0.528,0.5323913177249038,-0.004391317724903754,1.402025,0.7544804333943989,-0.874025,-1.158446211875597,0.4196229802799043,-0.48611065192120345,-0.6723355599543934
03/1979,3.328,3.331874692110209,-0.003874692110209299,2.2176000000000005,1.0338432134516338,1.1103999999999994,1.0740506737890843,-0.020098529201029617,-0.021586838830535447,1.0956375126196196
04/1979,3.679,3.6823580664955142,-0.0033580664955144,2.7356000000000003,1.414785103823192,0.9433999999999996,0.6668150501801564,0.49634635880103123,0.33097122215064756,0.33584382802950885
05/1979,1.681,1.6838414408808202,-0.0028414408808201674,1.7487,0.9181740357906011,-0.06769999999999987,-0.07373329822129662,0.5713401275307383,-0.04212679200901757,-0.031606506212279055
06/1979,1.23,1.2323248152661257,-0.0023248152661257127,1.2726250000000003,0.7400365763764654,-0.04262500000000036,-0.05759850439921569,0.14934274461245026,-0.008601918732551162,-0.048996585666664524
07/1979,1.367,1.368808189651431,-0.0018081896514310358,1.1700249999999996,0.8026661350617703,0.19697500000000034,0.2454009100369506,0.24406371397250995,0.05989345751585196,0.18550745252109865
08/1979,1.03,1.0312915640367366,-0.001291564036736581,0.9759500000000001,0.8019349708673389,0.05404999999999993,0.06739947996224899,0.4128413642938783,0.027825293260312786,0.0395741867019362
09/1979,1.769,1.769774938422042,-0.0007749384220421263,0.8639500000000002,0.5493960297453924,0.9050499999999997,1.6473544601686123,0.5506659346567532,0.90714198351972,0.7402124766488923
10/1979,1.321,1.3212583128073476,-0.0002583128073476715,0.9608499999999998,0.6798271306001255,0.3601500000000002,0.5297670301596724,-0.013852909594518388,-0.007338814774958438,0.5371058449346309
11/1979,1.453,1.4527416871926533,0.0002583128073467833,1.110025,0.7690523872760555,0.34297500000000003,0.4459709191135861,0.46185765782723365,0.20597508416085955,0.23999583495272656
12/1979,2.56,2.5592250615779584,0.0007749384220416822,1.7079,1.1734057013667525,0.8521000000000001,0.7261768022837252,0.48059933480737943,0.3490000881301082,0.377176714153617
01/1980,1.15,1.148708435963264,0.001291564036735915,1.6002999999999996,1.0068155541110795,-0.4502999999999997,-0.44725173162185694,0.34514101739868874,-0.154364917685293,-0.2928868139365639
02/1980,2.637,2.6351918103485694,0.0018081896514305917,1.402025,0.7544804333943989,1.234975,1.636854907480982,0.4196229802799043,0.6868619345629566,0.9499929729180253
03/1980,2.112,2.1096751847338755,0.0023248152661246024,2.2176000000000005,1.0338432134516338,-0.10560000000000036,-0.10214314765141189,-0.020098529201029617,0.0020529270357569815,-0.10419607468716886
04/1980,3.781,3.7781585591191806,0.0028414408808195013,2.7356000000000003,1.414785103823192,1.0453999999999999,0.7389108050226159,0.49634635880103123,0.3667556875517141,0.37215511747090174
05/1980,3.213,3.209641933504486,0.003358066495513956,1.7487,0.9181740357906011,1.4643000000000002,1.5947956955014013,0.5713401275307383,0.911170776053243,0.6836249194481583
06/1980,0.919,0.9151253078897916,0.003874692110208411,1.2726250000000003,0.7400365763764654,-0.3536250000000003,-0.4778480027723752,0.14934274461245026,-0.07136313224160426,-0.406484870530771
07/1980,3.539,3.5346086822750973,0.004391317724902866,1.1700249999999996,0.8026661350617703,2.3689750000000007,2.9513827686497485,0.24406371397250995,0.7203254398711267,2.231057328778622
08/1980,1.45,1.4450920566604024,0.0049079433395975425,0.9759500000000001,0.8019349708673389,0.47404999999999986,0.5911327192618716,0.4128413642938783,0.24404403829882124,0.34708868096305034
09/1980,2.103,2.0975754310457084,0.005424568954291775,0.8639500000000002,0.5493960297453924,1.23905,2.2552947835720896,0.5506659346567532,1.2419140099222246,1.013380773649865
10/1980,2.152,2.1460588054310135,0.005941194568986674,0.9608499999999998,0.6798271306001255,1.1911500000000004,1.7521366041224313,-0.013852909594518388,-0.024272189974154496,1.7764087940965858
11/1980,1.495,1.4885421798163192,0.006457820183680907,1.110025,0.7690523872760555,0.38497500000000007,0.5005835836015826,0.46185765782723365,0.23119836146899014,0.2693852221325925
12/1980,2.269,2.2620255542016245,0.006974445798375584,1.7079,1.1734057013667525,0.5611000000000002,0.47818073437554076,0.48059933480737943,0.2298133428585891,0.24836739151695167
01/1981,1.744,1.73650892858693,0.007491071413070038,1.6002999999999996,1.0068155541110795,0.14370000000000038,0.14272723480804142,0.34514101739868874,0.04926102303214896,0.09346621177589245
02/1981,1.747,1.7389923029722356,0.008007697027764493,1.402025,0.7544804333943989,0.34497500000000003,0.4572351842816671,0.4196229802799043,0.1918663907171044,0.26536879356456267
03/1981,5.303,5.294475677357541,0.008524322642458948,2.2176000000000005,1.0338432134516338,3.0853999999999995,2.984398368974101,-0.020098529201029617,-0.059982017766331136,3.0443803867404324
04/1981,1.353,1.3439590517428466,0.009040948257153403,2.7356000000000003,1.414785103823192,-1.3826000000000003,-0.9772508886782753,0.49634635880103123,-0.4850549202305338,-0.49219596844774144
05/1981,1.938,1.9284424261281519,0.00955757387184808,1.7487,0.9181740357906011,0.18930000000000002,0.20617006430268064,0.5713401275307383,0.11779323083171407,0.08837683347096657
06/1981,1.053,1.0429258005134574,0.010074199486542534,1.2726250000000003,0.7400365763764654,-0.2196250000000004,-0.2967758716405317,0.14934274461245026,-0.04432132320554925,-0.25245454843498244
07/1981,2.577,2.566409174898763,0.010590825101236767,1.1700249999999996,0.8026661350617703,1.4069750000000003,1.7528769914925146,0.24406371397250995,0.42781366868062287,1.3250633228118918
08/1981,1.789,1.7778925492840683,0.011107450715931666,0.9759500000000001,0.8019349708673389,0.8130499999999998,1.0138602624108528,0.4128413642938783,0.4185634539370459,0.5952968084738068
09/1981,0.916,0.9043759236693739,0.01162407633062612,0.8639500000000002,0.5493960297453924,0.05204999999999982,0.09474040069805646,0.5506659346567532,0.052170311300150575,0.04257008939790589
10/1981,2.614,2.6018592980546793,0.012140701945320576,0.9608499999999998,0.6798271306001255,1.6531500000000001,2.4317211326071413,-0.013852909594518388,-0.03368641300908659,2.4654075456162277
11/1981,3.676,3.663342672439985,0.01265732756001503,1.110025,0.7690523872760555,2.565975,3.336541232371117,0.46185765782723365,1.5410071188269159,1.7955341135442011
12/1981,2.215,2.2018260468252904,0.013173953174709485,1.7079,1.1734057013667525,0.5070999999999999,0.43216084548536193,0.48059933480737943,0.20769621487005963,0.2244646306153023
01/1982,2.129,2.115309421210596,0.01369057878940394,1.6002999999999996,1.0068155541110795,0.5287000000000004,0.5251210093459385,0.34514101739868874,0.18124079942308358,0.34388020992285495
02/1982,1.387,1.3727927955959014,0.014207204404098617,1.402025,0.7544804333943989,-0.015025000000000066,-0.01991436667535931,0.4196229802799043,-0.008356525894701082,-0.011557840780658227
03/1982,2.232,2.217276169981207,0.014723830018793294,2.2176000000000005,1.0338432134516338,0.014399999999999746,0.013928611043374055,-0.020098529201029617,-0.00027994459578503704,0.014208555639159091
04/1982,2.7,2.6847595443665124,0.015240455633487748,2.7356000000000003,1.414785103823192,-0.035600000000000076,-0.025162832082270117,0.49634635880103123,-0.012489480081156544,-0.012673352001113573
05/1982,1.855,1.8392429187518178,0.015757081248182203,1.7487,0.9181740357906011,0.10630000000000006,0.11577325850699927,0.5713401275307383,0.0661459082800381,0.04962735022696117
06/1982,0.788,0.7717262931371234,0.016273706862876658,1.2726250000000003,0.7400365763764654,-0.4846250000000003,-0.6548662802221628,0.14934274461245026,-0.09779952764252374,-0.557066752579639
07/1982,0.759,0.7422096675224289,0.016790332477571113,1.1700249999999996,0.8026661350617703,-0.41102499999999964,-0.5120746746944402,0.24406371397250995,-0.12497884693718994,-0.38709582775725027
08/1982,0.608,0.5906930419077344,0.017306958092265567,0.9759500000000001,0.8019349708673389,-0.3679500000000001,-0.4588277271435625,0.4128413642938783,-0.18942306484980767,-0.2694046622937548
09/1982,0.559,0.54117641629304,0.017823583706960022,0.8639500000000002,0.5493960297453924,-0.30495000000000017,-0.5550640767122466,0.5506659346567532,-0.30565487859713697,-0.2494091981151096
10/1982,0.736,0.7176597906783453,0.0183402093216547,0.9608499999999998,0.6798271306001255,-0.22484999999999977,-0.3307458468177208,-0.013852909594518388,0.004581792314728313,-0.3353276391324491
11/1982,0.365,0.34614316506365084,0.018856834936349154,1.110025,0.7690523872760555,-0.745025,-0.9687571514326101,0.46185765782723365,-0.447427908964048,-0.521329242468562
12/1982,0.722,0.7026265394489564,0.01937346055104361,1.7079,1.1734057013667525,-0.9859,-0.840203860311612,0.48059933480737943,-0.40380141636835304,-0.43640244394325894
01/1983,2.934,2.914109913834262,0.019890086165738285,1.6002999999999996,1.0068155541110795,1.3337000000000006,1.3246716288342688,0.34514101739868874,0.4571985136950377,0.8674731151392311
02/1983,1.872,1.8515932882195674,0.02040671178043274,1.402025,0.7544804333943989,0.46997500000000003,0.6229121116973012,0.4196229802799043,0.26138823676287015,0.36152387493443106
03/1983,2.038,2.0170766626048726,0.020923337395127195,2.2176000000000005,1.0338432134516338,-0.17960000000000065,-0.17372073217986342,-0.020098529201029617,0.0034915312085412303,-0.17721226338840465
04/1983,2.631,2.609560036990178,0.02143996300982165,2.7356000000000003,1.414785103823192,-0.10460000000000047,-0.07393348976981631,0.49634635880103123,-0.03669661844070162,-0.03723687132911469
05/1983,0.959,0.9370434113754839,0.021956588624516105,1.7487,0.9181740357906011,-0.7897,-0.8600765968295133,0.5713401275307383,-0.4913962725187775,-0.36868032431073583
06/1983,0.693,0.6705267857607892,0.02247321423921078,1.2726250000000003,0.7400365763764654,-0.5796250000000004,-0.7832383134872759,0.14934274461245026,-0.1169709594218165,-0.6662673540654594
07/1983,0.528,0.5050101601460948,0.022989839853905236,1.1700249999999996,0.8026661350617703,-0.6420249999999996,-0.7998655629723206,0.24406371397250995,-0.1952181599777371,-0.6046474029945835
08/1983,3.019,2.9954935345314,0.023506465468599913,0.9759500000000001,0.8019349708673389,2.04305,2.547650463216891,0.4128413642938783,1.0517754929783922,1.4958749702384988
09/1983,0.751,0.7269769089167056,0.024023091083294368,0.8639500000000002,0.5493960297453924,-0.11295000000000022,-0.20558939978569712,0.5506659346567532,-0.11321107898851179,-0.09237832079718533
10/1983,0.631,0.6064602833020112,0.024539716697988823,0.9608499999999998,0.6798271306001255,-0.32984999999999975,-0.48519687601879136,-0.013852909594518388,0.006721388459031063,-0.49191826447782244
11/1983,0.748,0.7229436576873167,0.025056342312683277,1.110025,0.7690523872760555,-0.36202500000000004,-0.4707416633634988,0.46185765782723365,-0.21741564208276165,-0.25332602128073717
12/1983,1.33,1.3044270320726223,0.025572967927377732,1.7079,1.1734057013667525,-0.3778999999999999,-0.3220540002147866,0.48059933480737943,-0.15477893827528205,-0.16727506193950453
01/1984,1.182,1.1559104064579278,0.026089593542072187,1.6002999999999996,1.0068155541110795,-0.41829999999999967,-0.4154683529589668,0.34514101739868874,-0.1433951700372153,-0.2720731829217515
02/1984,0.848,0.8213937808432331,0.026606219156766864,1.402025,0.7544804333943989,-0.5540250000000001,-0.7343132776915737,0.4196229802799043,-0.30813472604404313,-0.4261785516475306
03/1984,1.256,1.2288771552285387,0.02712284477146132,2.2176000000000005,1.0338432134516338,-0.9616000000000005,-0.930121693007551,-0.020098529201029617,0.018694078007423367,-0.9488157710149744
04/1984,2.334,2.306360529613844,0.027639470386155995,2.7356000000000003,1.414785103823192,-0.4016000000000002,-0.28385936416403545,0.49634635880103123,-0.14089256181439494,-0.14296680234964051
05/1984,1.992,1.9638439039991498,0.028156096000850228,1.7487,0.9181740357906011,0.24330000000000007,0.26498244397697945,0.5713401275307383,0.15139510333521414,0.11358734064176532
06/1984,1.341,1.312327278384455,0.028672721615544905,1.2726250000000003,0.7400365763764654,0.06837499999999963,0.09239408183686378,0.14934274461245026,0.013798385767464576,0.0785956960693992
07/1984,1.296,1.2668106527697607,0.02918934723023936,1.1700249999999996,0.8026661350617703,0.1259750000000004,0.15694570195154153,0.24406371397250995,0.03830475091031583,0.11864095104122571
08/1984,1.592,1.5622940271550663,0.029705972844933815,0.9759500000000001,0.8019349708673389,0.61605,0.7682044335012681,0.4128413642938783,0.31714656638326943,0.45105786711799867
09/1984,0.999,0.9687774015403717,0.03022259845962827,0.8639500000000002,0.5493960297453924,0.13504999999999978,0.24581539124442936,0.5506659346567532,0.13536216217262914,0.11045322907180022
10/1984,1.216,1.1852607759256772,0.030739224074322724,0.9608499999999998,0.6798271306001255,0.2551500000000002,0.37531600095860185,-0.013852909594518388,-0.005199218630655688,0.38051521958925755
11/1984,0.759,0.7277441503109826,0.0312558496890174,1.110025,0.7690523872760555,-0.35102500000000003,-0.4564383464737854,0.46185765782723365,-0.21080954564491788,-0.2456288008288675
12/1984,0.83,0.7982275246962881,0.031772475303711856,1.7079,1.1734057013667525,-0.8779,-0.7481640825312549,0.48059933480737943,-0.35956716039129444,-0.38859692213996044
01/1985,0.902,0.8697108990815937,0.03228910091840631,1.6002999999999996,1.0068155541110795,-0.6982999999999996,-0.6935729162592554,0.34514101739868874,-0.23938046195789497,-0.45419245430136046
02/1985,1.641,1.608194273466899,0.03280572653310099,1.402025,0.7544804333943989,0.23897499999999994,0.3167411498332092,0.4196229802799043,0.13291186527029497,0.18382928456291425
03/1985,1.487,1.4536776478522047,0.03332235214779544,2.2176000000000005,1.0338432134516338,-0.7306000000000004,-0.7066835575200882,-0.020098529201029617,0.014203300116704985,-0.7208868576367932
04/1985,2.143,2.10916102223751,0.0338389777624899,2.7356000000000003,1.414785103823192,-0.5926000000000005,-0.41886219921217,0.49634635880103123,-0.20790072741835275,-0.21096147179381725
05/1985,1.124,1.0896443966228158,0.03435560337718435,1.7487,0.9181740357906011,-0.6246999999999998,-0.680372103380267,0.5713401275307383,-0.38872388431363836,-0.29164821906662863
06/1985,0.645,0.6101277710081212,0.034872228991878806,1.2726250000000003,0.7400365763764654,-0.6276250000000003,-0.8480999724001751,0.14934274461245026,-0.12665757758398546,-0.7214423948161897
07/1985,0.996,0.9606111453934265,0.03538885460657348,1.1700249999999996,0.8026661350617703,-0.17402499999999965,-0.21680869840934214,0.24406371397250995,-0.052915136155329855,-0.16389356225401228
08/1985,0.628,0.5920945197787321,0.03590548022126794,0.9759500000000001,0.8019349708673389,-0.3479500000000001,-0.43388804908167566,0.4128413642938783,-0.17912693413368821,-0.2547611149479875
09/1985,0.916,0.8795778941640376,0.03642210583596239,0.8639500000000002,0.5493960297453924,0.05204999999999982,0.09474040069805646,0.5506659346567532,0.052170311300150575,0.04257008939790589
10/1985,0.368,0.3310612685493428,0.03693873145065718,0.9608499999999998,0.6798271306001255,-0.5928499999999998,-0.8720599301129015,-0.013852909594518388,0.012080567372856049,-0.8841404974857575
11/1985,0.288,0.2505446429346485,0.03745535706535147,1.110025,0.7690523872760555,-0.822025,-1.0688803696606037,0.46185765782723365,-0.49367058402895414,-0.5752097856316496
12/1985,1.13,1.092028017319954,0.03797198268004598,1.7079,1.1734057013667525,-0.5779000000000001,-0.492498033141374,0.48059933480737943,-0.23669422712168706,-0.255803806019687
01/1986,1.376,1.3375113917052595,0.038488608294740434,1.6002999999999996,1.0068155541110795,-0.22429999999999972,-0.22278161981519531,0.34514101739868874,-0.07689107492074439,-0.1458905448944509
02/1986,1.064,1.0249947660905652,0.03900523390943489,1.402025,0.7544804333943989,-0.338025,-0.44802354711735787,0.4196229802799043,-0.18800097607695984,-0.26002257104039805
03/1986,2.734,2.69447814047587,0.03952185952412979,2.2176000000000005,1.0338432134516338,0.5163999999999995,0.4994954682498946,-0.020098529201029617,-0.010039124254402468,0.5095345925042971
04/1986,2.902,2.861961514861176,0.04003848513882424,2.7356000000000003,1.414785103823192,0.16639999999999988,0.11761503535083527,0.49634635880103123,0.05837779453664166,0.05923724081419361
05/1986,3.248,3.2074448892464815,0.0405551107535187,1.7487,0.9181740357906011,1.4993000000000003,1.632914830475484,0.5713401275307383,0.9329497674906968,0.6999650629847871
06/1986,3.467,3.4259282636317874,0.04107173636821271,1.2726250000000003,0.7400365763764654,2.194375,2.9652250578540262,0.14934274461245026,0.4428348485335319,2.5223902093204944
07/1986,0.594,0.5524116380170924,0.04158836198290761,1.1700249999999996,0.8026661350617703,-0.5760249999999997,-0.7176395948929263,0.24406371397250995,-0.17514978482329507,-0.5424898100696312
08/1986,0.739,0.6968950124023979,0.04210498759760206,0.9759500000000001,0.8019349708673389,-0.2369500000000001,-0.29547283583820394,0.4128413642938783,-0.12198340865922525,-0.1734894271789787
09/1986,0.776,0.7333783867877035,0.042621613212296516,0.8639500000000002,0.5493960297453924,-0.0879500000000002,-0.16008488456088593,0.5506659346567532,-0.08815329258113869,-0.07193159197974724
10/1986,0.659,0.6158617611730091,0.04313823882699097,0.9608499999999998,0.6798271306001255,-0.30184999999999973,-0.4440099348985058,-0.013852909594518388,0.006150829487216996,-0.45016076438572283
11/1986,0.685,0.6413451355583144,0.04365486444168565,1.110025,0.7690523872760555,-0.425025,-0.5526606600954935,0.46185765782723365,-0.25525055804495755,-0.297410102050536
12/1986,1.695,1.65082850994362,0.0441714900563801,1.7079,1.1734057013667525,-0.012899999999999912,-0.010993640123764805,0.48059933480737943,-0.005283536130593082,-0.005710103993171723
01/1987,2.805,2.7603118843289254,0.04468811567107478,1.6002999999999996,1.0068155541110795,1.2047000000000005,1.196544883599493,0.34514101739868874,0.4129767184887246,0.7835681651107684
02/1987,1.684,1.638795258714231,0.04520474128576901,1.402025,0.7544804333943989,0.28197499999999986,0.3737340128641873,0.4196229802799043,0.15682738031003837,0.2169066325541489
03/1987,3.673,3.6272786330995364,0.04572136690046369,2.2176000000000005,1.0338432134516338,1.4553999999999996,1.4077569800365939,-0.020098529201029617,-0.02829384477121875,1.4360508248078125
04/1987,7.797,7.750762007484841,0.04623799251515859,2.7356000000000003,1.414785103823192,5.061399999999999,3.5775044466629686,0.49634635880103123,1.7756813056956626,1.801823140967306
05/1987,2.109,2.0622453818701474,0.0467546181298526,1.7487,0.9181740357906011,0.36030000000000006,0.3924092666046267,0.5713401275307383,0.2241991604261309,0.16821010617849583
06/1987,1.453,1.405728756255453,0.04727124374454705,1.2726250000000003,0.7400365763764654,0.18037499999999973,0.2437379526336288,0.14934274461245026,0.036400494812525525,0.20733745782110327
07/1987,1.164,1.1162121306407584,0.04778786935924151,1.1700249999999996,0.8026661350617703,-0.006024999999999725,-0.007506234207247404,0.24406371397250995,-0.0018319993985683003,-0.005674234808679103
08/1987,1.453,1.4046955050260639,0.048304494973936185,0.9759500000000001,0.8019349708673389,0.47705,0.5948736709711548,0.4128413642938783,0.24558845790623923,0.3492852130649156
09/1987,1.027,0.9781788794113693,0.04882112058863064,0.8639500000000002,0.5493960297453924,0.1630499999999997,0.2967804482962177,0.5506659346567532,0.16342688294888694,0.13335356534733075
10/1987,0.95,0.9006622537966749,0.049337746203325095,0.9608499999999998,0.6798271306001255,-0.010849999999999804,-0.015959939684110337,-0.013852909594518388,0.00022109160157794686,-0.016181031285688284
11/1987,1.427,1.3771456281819805,0.04985437181801955,1.110025,0.7690523872760555,0.316975,0.4121630791924453,0.46185765782723365,0.19036067439868343,0.2218024047937619
12/1987,2.66,2.609629002567286,0.050370997432714226,1.7079,1.1734057013667525,0.9521000000000002,0.8113988187470189,0.48059933480737943,0.38995773255331073,0.4214410861937082
01/1988,1.396,1.3451123769525912,0.05088762304740868,1.6002999999999996,1.0068155541110795,-0.2042999999999997,-0.20291700815088898,0.34514101739868874,-0.07003498264069584,-0.13288202551019312
02/1988,0.99,0.9385957513378969,0.051404248662103136,1.402025,0.7544804333943989,-0.4120250000000001,-0.5461042881474133,0.4196229802799043,-0.22915790893605317,-0.31694637921136015
03/1988,2.058,2.0060791257232022,0.05192087427679759,2.2176000000000005,1.0338432134516338,-0.15960000000000063,-0.15437543906406578,-0.020098529201029617,0.0031027192699508944,-0.15747815833401668
04/1988,5.003,4.950562500108507,0.052437499891492934,2.7356000000000003,1.414785103823192,2.2674,1.602646220880313,0.49634635880103123,0.7954676161801766,0.8071786047001364
05/1988,0.899,0.8460458744938133,0.05295412550618672,1.7487,0.9181740357906011,-0.8496999999999999,-0.9254236853565119,0.5713401275307383,-0.5287316864115553,-0.39669199894495655
06/1988,1.142,1.0885292488791187,0.05347075112088118,1.2726250000000003,0.7400365763764654,-0.13062500000000044,-0.17651154573953107,0.14934274461245026,-0.026360718696527622,-0.15015082704300345
07/1988,0.725,0.6710126232644243,0.05398737673557563,1.1700249999999996,0.8026661350617703,-0.44502499999999967,-0.5544335067353404,0.24406371397250995,-0.1353171008046298,-0.41911640593071064
08/1988,0.457,0.40249599764972976,0.05450400235027025,0.9759500000000001,0.8019349708673389,-0.51895,-0.6471222965108077,0.4128413642938783,-0.2671588517565095,-0.37996344475429816
09/1988,0.408,0.35297937203503515,0.05502062796496482,0.8639500000000002,0.5493960297453924,-0.45595000000000024,-0.829911348670106,0.5506659346567532,-0.4570039084976705,-0.3729074401724355
10/1988,0.374,0.3184627464203409,0.05553725357965911,0.9608499999999998,0.6798271306001255,-0.5868499999999998,-0.8632341570156975,-0.013852909594518388,0.011958304736038749,-0.8751924617517363
11/1988,1.356,1.2999461208056464,0.05605387919435367,1.110025,0.7690523872760555,0.24597500000000005,0.3198416701770227,0.46185765782723365,0.14772132466351026,0.17212034551351243
12/1988,4.529,4.472429495190951,0.05657050480904857,1.7079,1.1734057013667525,2.8211,2.4041983064459767,0.48059933480737943,1.1554561068229645,1.2487421996230121
01/1989,2.788,2.7309128695762572,0.05708713042374258,1.6002999999999996,1.0068155541110795,1.1877000000000002,1.1796599636848322,0.34514101739868874,0.4071490400506832,0.772510923634149
02/1989,1.216,1.1583962439615627,0.05760375603843726,1.402025,0.7544804333943989,-0.1860250000000001,-0.24656040337994686,0.4196229802799043,-0.1034624112853087,-0.14309799209463817
03/1989,1.707,1.6488796183468684,0.058120381653131714,2.2176000000000005,1.0338432134516338,-0.5106000000000004,-0.4938853332463141,-0.020098529201029617,0.009926368792211288,-0.5038117020385254
04/1989,1.241,1.1823629927321737,0.05863700726782639,2.7356000000000003,1.414785103823192,-1.4946000000000002,-1.056414854779799,0.49634635880103123,-0.5243476665532734,-0.5320671882265255
05/1989,1.096,1.0368463671174792,0.059153632882520846,1.7487,0.9181740357906011,-0.6526999999999998,-0.710867411359533,0.5713401275307383,-0.40614707746360135,-0.30472033389593167
06/1989,0.682,0.6223297415027848,0.0596702584972153,1.2726250000000003,0.7400365763764654,-0.5906250000000003,-0.7981024436548152,0.14934274461245026,-0.11919080941731354,-0.6789116342375017
07/1989,1.087,1.0268131158880902,0.060186884111909755,1.1700249999999996,0.8026661350617703,-0.08302499999999968,-0.10343653029987415,0.24406371397250995,-0.025245103745417344,-0.07819142655445681
08/1989,0.599,0.5382964902733958,0.06070350972660421,0.9759500000000001,0.8019349708673389,-0.3769500000000001,-0.47005058227141155,0.4128413642938783,-0.19405632367206144,-0.2759942585993501
09/1989,0.967,0.9057798646587011,0.06122013534129889,0.8639500000000002,0.5493960297453924,0.10304999999999975,0.18756961175667106,0.5506659346567532,0.10328819557119158,0.08428141618547948
10/1989,0.979,0.9172632390440066,0.06173676095599334,0.9608499999999998,0.6798271306001255,0.01815000000000022,0.026697963619042527,-0.013852909594518388,-0.00036984447637233706,0.027067808095414866
11/1989,1.538,1.4757466134293122,0.062253386570687796,1.110025,0.7690523872760555,0.427975,0.5564965496250076,0.46185765782723365,0.2570221929987429,0.2994743566262647
12/1989,2.688,2.6252299878146177,0.06277001218538247,1.7079,1.1734057013667525,0.9801000000000002,0.8352609833567411,0.48059933480737943,0.40142587299180743,0.4338351103649337
01/1990,1.25,1.186713362199923,0.06328663780007693,1.6002999999999996,1.0068155541110795,-0.3502999999999996,-0.3479286733003252,0.34514101739868874,-0.12008445628505023,-0.22784421701527496
02/1990,1.261,1.1971967365852285,0.06380326341477138,1.402025,0.7544804333943989,-0.14102500000000018,-0.18691670951031866,0.4196229802799043,-0.07843454670883306,-0.10848216280148561
03/1990,2.591,2.5266801109705344,0.06431988902946584,2.2176000000000005,1.0338432134516338,0.37339999999999973,0.36117662247194166,-0.020098529201029617,-0.007259118893481569,0.36843574136542323
04/1990,1.41,1.3451634853558396,0.06483651464416029,2.7356000000000003,1.414785103823192,-1.3256000000000003,-0.9369620845016069,0.49634635880103123,-0.4650577189769967,-0.4719043655246102
05/1990,1.03,0.9646468597411453,0.06535314025885475,1.7487,0.9181740357906011,-0.7186999999999999,-0.7827492087392316,0.5713401275307383,-0.447216032745657,-0.3355331759935746
06/1990,0.751,0.6851302341264506,0.06586976587354942,1.2726250000000003,0.7400365763764654,-0.5216250000000003,-0.7048638089675227,0.14934274461245026,-0.10526629580919566,-0.599597513158327
07/1990,0.345,0.2786136085117561,0.06638639148824388,1.1700249999999996,0.8026661350617703,-0.8250249999999997,-1.0278557471924596,0.24406371397250995,-0.25086229108778096,-0.7769934561046787
08/1990,0.362,0.29509698289706154,0.06690301710293844,0.9759500000000001,0.8019349708673389,-0.6139500000000001,-0.7655857673047701,0.4128413642938783,-0.31606547265807694,-0.4495202946466932
09/1990,0.896,0.828580357282367,0.06741964271763301,0.8639500000000002,0.5493960297453924,0.0320499999999998,0.05833678851820752,0.5506659346567532,0.03212408217425209,0.02621270634395543
10/1990,0.519,0.45106373166767266,0.06793626833232735,0.9608499999999998,0.6798271306001255,-0.44184999999999974,-0.6499446404999333,-0.013852909594518388,0.00900362434628733,-0.6589482648462206
11/1990,1.039,0.970547106052978,0.06845289394702192,1.110025,0.7690523872760555,-0.07102500000000012,-0.09235391655380859,0.46185765782723365,-0.04265436359071382,-0.04969955296309477
12/1990,1.29,1.2210304804382837,0.06896951956171637,1.7079,1.1734057013667525,-0.41789999999999994,-0.3561428068001041,0.48059933480737943,-0.17116199604456306,-0.18498081075554101
01/1991,2.469,2.399513854823589,0.06948614517641083,1.6002999999999996,1.0068155541110795,0.8687000000000002,0.8628194076391461,0.34514101739868874,0.29779436818390886,0.5650250394552372
02/1991,0.713,0.6429972292088945,0.0700027707911055,1.402025,0.7544804333943989,-0.6890250000000001,-0.9132443593004586,0.4196229802799043,-0.38321831977347015,-0.5300260395269885
03/1991,0.873,0.8024806035942,0.07051939640579996,2.2176000000000005,1.0338432134516338,-1.3446000000000005,-1.3005840561750757,-0.020098529201029617,0.026139826631428303,-1.326723882806504
04/1991,0.748,0.6769639779795056,0.07103602202049442,2.7356000000000003,1.414785103823192,-1.9876000000000003,-1.404877669851685,0.49634635880103123,-0.6973059159917611,-0.7075717538599239
05/1991,1.541,1.469447352364811,0.07155264763518887,1.7487,0.9181740357906011,-0.2077,-0.22620983811762685,0.5713401275307383,-0.1292427577588326,-0.09696708035879426
06/1991,1.239,1.1669307267501166,0.07206927324988355,1.2726250000000003,0.7400365763764654,-0.03362500000000024,-0.04543694335304692,0.14934274461245026,-0.006785677827144455,-0.038651265525902465
07/1991,1.053,0.9804141011354219,0.072585898864578,1.1700249999999996,0.8026661350617703,-0.11702499999999971,-0.14579536234077434,0.24406371397250995,-0.0355833576128572,-0.11021200472791715
08/1991,1.618,1.5448974755207276,0.07310252447927246,0.9759500000000001,0.8019349708673389,0.64205,0.8006260149817209,0.4128413642938783,0.3305315363142247,0.4700944786674962
09/1991,0.377,0.3033808499060331,0.07361915009396691,0.8639500000000002,0.5493960297453924,-0.4869500000000002,-0.8863369475488717,0.5506659346567532,-0.48807556364281307,-0.39826138390605864
10/1991,0.322,0.24786422429133848,0.07413577570866153,0.9608499999999998,0.6798271306001255,-0.6388499999999997,-0.9397241905247989,-0.013852909594518388,0.013017914255122012,-0.9527421047799209
11/1991,0.802,0.727347598676644,0.07465240132335604,1.110025,0.7690523872760555,-0.308025,-0.40052538045036035,0.46185765782723365,-0.1849857141151651,-0.21553966633519525
12/1991,1.992,1.9168309730619495,0.0751690269380505,1.7079,1.1734057013667525,0.2841,0.24211574877221725,0.48059933480737943,0.11636066780631821,0.12575508096589905
01/1992,2.777,2.701314347447255,0.07568565255274518,1.6002999999999996,1.0068155541110795,1.1767000000000005,1.168734427269464,0.34514101739868874,0.4033781892966566,0.7653562379728074
02/1992,2.24,2.1637977218325606,0.07620227816743963,1.402025,0.7544804333943989,0.8379750000000001,1.1106649860089282,0.4196229802799043,0.46606055152160464,0.6446044344873235
03/1992,3.176,3.099281096217866,0.07671890378213408,2.2176000000000005,1.0338432134516338,0.9583999999999997,0.9270264461090226,-0.020098529201029617,-0.0186318680972489,0.9456583142062716
04/1992,2.354,2.2767644706031716,0.07723552939682854,2.7356000000000003,1.414785103823192,-0.38160000000000016,-0.2697229416459062,0.49634635880103123,-0.13387599997104857,-0.13584694167485764
05/1992,0.99,0.912247844988477,0.077752155011523,1.7487,0.9181740357906011,-0.7586999999999999,-0.8263139344238973,0.5713401275307383,-0.4721063086741756,-0.35420762574972176
06/1992,1.184,1.1057312193737825,0.07826878062621745,1.2726250000000003,0.7400365763764654,-0.0886250000000004,-0.11975759419074418,0.14934274461245026,-0.017884927804629764,-0.10187266638611442
07/1992,3.236,3.157214593759088,0.07878540624091235,1.1700249999999996,0.8026661350617703,2.065975000000001,2.573890824285256,0.24406371397250995,0.6281933539348246,1.9456974703504315
08/1992,1.179,1.0996979681443935,0.07930203185560658,0.9759500000000001,0.8019349708673389,0.20304999999999995,0.25320008152330564,0.4128413642938783,0.1045314670954027,0.14866861442790294
09/1992,0.788,0.708181342529699,0.07981865747030104,0.8639500000000002,0.5493960297453924,-0.07595000000000018,-0.13824271725297657,0.5506659346567532,-0.0761255551055996,-0.062117162147376975
10/1992,0.965,0.8846647169150045,0.08033528308499549,0.9608499999999998,0.6798271306001255,0.004150000000000209,0.0061044930588997634,-0.013852909594518388,-8.456499046530343e-05,0.006189058049365067
11/1992,1.798,1.7171480913003099,0.08085190869969017,1.110025,0.7690523872760555,0.687975,0.8945749488364148,0.46185765782723365,0.4131662906205039,0.48140865821591083
12/1992,1.544,1.4626314656856154,0.08136853431438462,1.7079,1.1734057013667525,-0.16389999999999993,-0.13967888498333822,0.48059933480737943,-0.06712957920962881,-0.07254930577370941
01/1993,1.975,1.893114840070921,0.08188515992907908,1.6002999999999996,1.0068155541110795,0.3747000000000005,0.37216349953077976,0.34514101739868874,0.12844888886670974,0.24371461066407002
02/1993,2.317,2.2345982144562266,0.08240178554377353,1.402025,0.7544804333943989,0.9149750000000001,1.2127219732969587,0.4196229802799043,0.5088860086857964,0.7038359646111624
03/1993,3.345,3.262081588841532,0.08291841115846799,2.2176000000000005,1.0338432134516338,1.1273999999999997,1.0904941729375126,-0.020098529201029617,-0.021917328978337237,1.1124115019158498
04/1993,2.26,2.176564963226837,0.08343503677316289,2.7356000000000003,1.414785103823192,-0.47560000000000047,-0.3361641274811139,0.49634635880103123,-0.16685384063477657,-0.16931028684633734
05/1993,1.067,0.9830483376121428,0.08395166238785712,1.7487,0.9181740357906011,-0.6817,-0.7424518374809158,0.5713401275307383,-0.4241925275117774,-0.3182593099691384
06/1993,1.179,1.0945317119974485,0.08446828800255157,1.2726250000000003,0.7400365763764654,-0.09362500000000029,-0.12651401699417103,0.14934274461245026,-0.018893950529855676,-0.10762006646431535
07/1993,1.227,1.1420150863827538,0.08498491361724625,1.1700249999999996,0.8026661350617703,0.05697500000000044,0.07098218986853837,0.24406371397250995,0.01732417688521734,0.05365801298332103
08/1993,1.216,1.1304984607680593,0.0855015392319407,0.9759500000000001,0.8019349708673389,0.24004999999999987,0.2993384859377961,0.4128413642938783,0.12357930892022365,0.17575917701757246
09/1993,0.654,0.5679818351533649,0.08601816484663516,0.8639500000000002,0.5493960297453924,-0.2099500000000002,-0.3821469188579643,0.5506659346567532,-0.21043529024911933,-0.17171162860884498
10/1993,0.408,0.3214652095386703,0.08653479046132967,0.9608499999999998,0.6798271306001255,-0.5528499999999998,-0.8132214427982081,-0.013852909594518388,0.011265483127407383,-0.8244869259256155
11/1993,0.551,0.4639485839239761,0.08705141607602396,1.110025,0.7690523872760555,-0.559025,-0.7269010658429111,0.46185765782723365,-0.3357248237423267,-0.39117624210058444
12/1993,1.929,1.8414319583092813,0.08756804169071875,1.7079,1.1734057013667525,0.22110000000000007,0.1884258784003423,0.48059933480737943,0.09055735181970068,0.09786852658064163
01/1994,2.583,2.494915332694587,0.08808466730541298,1.6002999999999996,1.0068155541110795,0.9827000000000006,0.9760476941256926,0.34514101739868874,0.3368740941801857,0.6391735999455068
02/1994,1.353,1.2643987070798923,0.08860129292010765,1.402025,0.7544804333943989,-0.049025000000000096,-0.06497849093241183,0.4196229802799043,-0.02726646801914939,-0.037712022913262436
03/1994,3.533,3.4438820814651976,0.08911791853480233,2.2176000000000005,1.0338432134516338,1.3153999999999995,1.2723399282260102,-0.020098529201029617,-0.025572161201086394,1.2979120894270966
04/1994,2.235,2.145365455850503,0.08963454414949679,2.7356000000000003,1.414785103823192,-0.5006000000000004,-0.35383465562877536,0.49634635880103123,-0.17562454293895946,-0.1782101126898159
05/1994,0.765,0.6748488302358088,0.09015116976419124,1.7487,0.9181740357906011,-0.9836999999999999,-1.071365516400142,0.5713401275307383,-0.6121141107720924,-0.45925140562804967
06/1994,0.602,0.5113322046211143,0.0906677953788857,1.2726250000000003,0.7400365763764654,-0.6706250000000004,-0.9062052085096474,0.14934274461245026,-0.1353351730209285,-0.7708700354887188
07/1994,0.437,0.3458155790064199,0.0911844209935801,1.1700249999999996,0.8026661350617703,-0.7330249999999996,-0.9132377310817886,0.24406371397250995,-0.22288819238764962,-0.690349538694139
08/1994,0.34,0.24829895339172525,0.09170104660827477,0.9759500000000001,0.8019349708673389,-0.63595,-0.7930194131728455,0.4128413642938783,-0.3273912164458083,-0.4656281967270372
09/1994,0.594,0.5017823277770307,0.09221767222296928,0.8639500000000002,0.5493960297453924,-0.26995000000000025,-0.49135775539751114,0.5506659346567532,-0.2705739776268148,-0.22078377777069635
10/1994,0.297,0.2042657021623362,0.09273429783766379,0.9608499999999998,0.6798271306001255,-0.6638499999999998,-0.9764982450964826,-0.013852909594518388,0.013527341908527432,-0.9900255870050101
11/1994,0.674,0.5807490765476419,0.09325092345235819,1.110025,0.7690523872760555,-0.436025,-0.566963976985207,0.46185765782723365,-0.26185665448280127,-0.3051073225024057
12/1994,1.524,1.4302324509329472,0.09376754906705287,1.7079,1.1734057013667525,-0.18389999999999995,-0.15672328827599696,0.48059933480737943,-0.07532110809426931,-0.08140218018172765
01/1995,2.546,2.4517158253182525,0.09428417468174732,1.6002999999999996,1.0068155541110795,0.9457000000000002,0.9392981625467255,0.34514101739868874,0.32419032346209575,0.6151078390846297
02/1995,3.096,3.0011991997035583,0.09480080029644178,1.402025,0.7544804333943989,1.693975,2.245220584951191,0.4196229802799043,0.9421461532430088,1.3030744317081822
03/1995,1.239,1.1436825740888639,0.09531742591113623,2.2176000000000005,1.0338432134516338,-0.9786000000000004,-0.9465651921559788,-0.020098529201029617,0.01902456815522515,-0.9655897603112039
04/1995,3.816,3.7201659484741687,0.09583405152583113,2.7356000000000003,1.414785103823192,1.0803999999999996,0.7636495444293417,0.49634635880103123,0.3790346707775701,0.38461487365177166
05/1995,2.012,1.9156493228594746,0.09635067714052536,1.7487,0.9181740357906011,0.2633000000000001,0.2867648068193123,0.5713401275307383,0.16384024129947342,0.12292456551983891
06/1995,3.71,3.61313269724478,0.09686730275522004,1.2726250000000003,0.7400365763764654,2.4373749999999994,3.293587206100578,0.14934274461245026,0.4918733529795122,2.8017138531210657
07/1995,0.833,0.7356160716300857,0.09738392836991427,1.1700249999999996,0.8026661350617703,-0.3370249999999997,-0.4198819226054223,0.24406371397250995,-0.10247794146099734,-0.3174039811444249
08/1995,0.42,0.322099446015391,0.097900553984609,0.9759500000000001,0.8019349708673389,-0.5559500000000002,-0.6932607009252985,0.4128413642938783,-0.28620669358133055,-0.4070540073439679
09/1995,1.176,1.0775828204006965,0.0984171795993034,0.8639500000000002,0.5493960297453924,0.3120499999999997,0.5679873590360921,0.5506659346567532,0.3127712899368305,0.2552160690992616
10/1995,0.736,0.6370661947860021,0.09893380521399786,0.9608499999999998,0.6798271306001255,-0.22484999999999977,-0.3307458468177208,-0.013852909594518388,0.004581792314728313,-0.3353276391324491
11/1995,2.66,2.560549569171308,0.09945043082869232,1.110025,0.7690523872760555,1.549975,2.0154348723757725,0.46185765782723365,0.9308440296588039,1.0845908427169686
12/1995,1.361,1.2610329435566132,0.09996705644338677,1.7079,1.1734057013667525,-0.3469,-0.2956351751111656,0.48059933480737943,-0.14208206850408933,-0.15355310660707627
01/1996,0.733,0.6325163179419185,0.10048368205808145,1.6002999999999996,1.0068155541110795,-0.8672999999999996,-0.861428884822644,0.34514101739868874,-0.2973144417243052,-0.5641144430983388
02/1996,0.28,0.17899969232722412,0.1010003076727759,1.402025,0.7544804333943989,-1.122025,-1.4871492358682152,0.4196229802799043,-0.6240419944760028,-0.8631072413922124
03/1996,0.947,0.8454830667125296,0.10151693328747036,2.2176000000000005,1.0338432134516338,-1.2706000000000004,-1.2290064716466245,-0.020098529201029617,0.02470122245864406,-1.2537076941052685
04/1996,3.51,3.4079664410978348,0.10203355890216503,2.7356000000000003,1.414785103823192,0.7743999999999995,0.5473622799019642,0.49634635880103123,0.2716812745743708,0.2756810053275934
05/1996,2.925,2.8224498154831403,0.10255018451685949,1.7487,0.9181740357906011,1.1763,1.2811296705718076,0.5713401275307383,0.7319607893679092,0.5491688812038984
06/1996,1.35,1.2469331898684461,0.10306681013155394,1.2726250000000003,0.7400365763764654,0.07737499999999975,0.10455564288303254,0.14934274461245026,0.01561462667287128,0.08894101621016126
07/1996,2.491,2.3874165642537517,0.1035834357462484,1.1700249999999996,0.8026661350617703,1.3209750000000005,1.6457340633890614,0.24406371397250995,0.4016639677218044,1.244070095667257
08/1996,1.19,1.085899938639057,0.10410006136094285,0.9759500000000001,0.8019349708673389,0.21404999999999985,0.2669169044573433,0.4128413642938783,0.11019433898926836,0.15672256546807492
09/1996,1.963,1.8583833130243625,0.10461668697563753,0.8639500000000002,0.5493960297453924,1.0990499999999999,2.000469498313147,0.5506659346567532,1.1015904060409352,0.8988790922722119
10/1996,1.858,1.7528666874096681,0.10513331259033198,0.9608499999999998,0.6798271306001255,0.8971500000000003,1.3196737223594335,-0.013852909594518388,-0.01828132077010679,1.3379550431295402
11/1996,1.221,1.1153500617949736,0.10564993820502644,1.110025,0.7690523872760555,0.11097500000000005,0.14430096289417663,0.46185765782723365,0.06664650474451897,0.07765445814965766
12/1996,0.816,0.709833436180279,0.1061665638197209,1.7079,1.1734057013667525,-0.8919,-0.7600951648361159,0.48059933480737943,-0.36530123061054276,-0.3947939342255732
01/1997,0.385,0.27831681056558444,0.10668318943441557,1.6002999999999996,1.0068155541110795,-1.2152999999999996,-1.2070731277815743,0.34514101739868874,-0.41661044739715,-0.7904626803844244
02/1997,2.012,1.90480018495089,0.10719981504911003,1.402025,0.7544804333943989,0.6099749999999999,0.8084702704028114,0.4196229802799043,0.3392527043341278,0.4692175660686836
03/1997,2.426,2.3182835593361957,0.10771644066380448,2.2176000000000005,1.0338432134516338,0.2083999999999997,0.2015779542666111,-0.020098529201029617,-0.004051420400111296,0.2056293746667224
04/1997,2.657,2.548766933721501,0.10823306627849894,2.7356000000000003,1.414785103823192,-0.07860000000000023,-0.05555614049624811,0.49634635880103123,-0.027575088044351263,-0.027981052451896846
05/1997,1.241,1.1322503081068065,0.10874969189319361,1.7487,0.9181740357906011,-0.5076999999999998,-0.5529452807526197,0.5713401275307383,-0.3159198272227216,-0.23702545352989812
06/1997,0.554,0.444733682492112,0.10926631750788807,1.2726250000000003,0.7400365763764654,-0.7186250000000003,-0.9710668674225464,0.14934274461245026,-0.14502179118309744,-0.826045076239449
07/1997,0.928,0.8182170568774175,0.10978294312258252,1.1700249999999996,0.8026661350617703,-0.2420249999999996,-0.3015263624911424,0.24406371397250995,-0.07359164389020953,-0.22793471860093287
08/1997,0.748,0.637700431262723,0.11029956873727698,0.9759500000000001,0.8019349708673389,-0.2279500000000001,-0.2842499807103549,0.4128413642938783,-0.1173501498369715,-0.1668998308733834
09/1997,0.377,0.26618380564802835,0.11081619435197165,0.8639500000000002,0.5493960297453924,-0.4869500000000002,-0.8863369475488717,0.5506659346567532,-0.48807556364281307,-0.39826138390605864
10/1997,0.391,0.2796671800333339,0.11133281996666611,0.9608499999999998,0.6798271306001255,-0.5698499999999997,-0.8382277999069527,-0.013852909594518388,0.011611893931723065,-0.8498396938386757
11/1997,0.285,0.17315055441863936,0.11184944558136062,1.110025,0.7690523872760555,-0.8250250000000001,-1.0727812742668894,0.46185765782723365,-0.4954722466938207,-0.5773090275730688
12/1997,1.501,1.3886339288039449,0.11236607119605502,1.7079,1.1734057013667525,-0.20690000000000008,-0.17632435206255462,0.48059933480737943,-0.08474136631160593,-0.09158298575094868
01/1998,1.036,0.9231173031892506,0.11288269681074947,1.6002999999999996,1.0068155541110795,-0.5642999999999996,-0.560480018108403,0.34514101739868874,-0.1934446436815697,-0.3670353744268333
02/1998,1.29,1.1766006775745559,0.11339932242544415,1.402025,0.7544804333943989,-0.11202500000000004,-0.14847966234989135,0.4196229802799043,-0.06230547842621531,-0.08617418392367604
03/1998,3.268,3.1540840519598614,0.11391594804013838,2.2176000000000005,1.0338432134516338,1.0503999999999993,1.0160147944416913,-0.020098529201029617,-0.020420403014764436,1.0364351974564556
04/1998,1.027,0.9125674263451669,0.11443257365483306,2.7356000000000003,1.414785103823192,-1.7086000000000003,-1.2076745757237821,0.49634635880103123,-0.5994248782770795,-0.6082496974467027
05/1998,0.445,0.3300508007304723,0.11494919926952768,1.7487,0.9181740357906011,-1.3036999999999999,-1.419883321877468,0.5713401275307383,-0.8112363182002409,-0.6086470036772271
06/1998,0.334,0.21853417511577788,0.11546582488422213,1.2726250000000003,0.7400365763764654,-0.9386250000000003,-1.2683494707733347,0.14934274461245026,-0.18941879109303858,-1.0789306796802962
07/1998,0.457,0.34101754950108343,0.11598245049891659,1.1700249999999996,0.8026661350617703,-0.7130249999999996,-0.8883207710577297,0.24406371397250995,-0.21680686658327322,-0.6715139044744565
08/1998,0.417,0.30050092388638894,0.11649907611361104,0.9759500000000001,0.8019349708673389,-0.5589500000000001,-0.6970016526345814,0.4128413642938783,-0.2877511131887484,-0.40925053944583295
09/1998,1.407,1.2899842982716945,0.11701570172830555,0.8639500000000002,0.5493960297453924,0.5430499999999998,0.9884490797133472,0.5506659346567532,0.5443052363409578,0.4441438433723893
10/1998,2.106,1.9884676726569996,0.11753232734300023,0.9608499999999998,0.6798271306001255,1.1451500000000001,1.6844723437105333,-0.013852909594518388,-0.023334843091888522,1.7078071868024218
11/1998,2.317,2.1989510470423053,0.11804895295769491,1.110025,0.7690523872760555,1.2069750000000001,1.5694314457238008,0.46185765782723365,0.7248539316424037,0.844577514081397
12/1998,2.052,1.933434421427611,0.11856557857238914,1.7079,1.1734057013667525,0.3441000000000001,0.29324895865019346,0.48059933480737943,0.1409352544602397,0.15231370418995377
01/1999,1.55,1.4309177958129164,0.1190822041870836,1.6002999999999996,1.0068155541110795,-0.05029999999999957,-0.04995949833573001,0.34514101739868874,-0.017243072084321954,-0.032716426251408054
02/1999,1.778,1.6584011701982218,0.11959882980177827,1.402025,0.7544804333943989,0.37597499999999995,0.49832306228074424,0.4196229802799043,0.20910780853645428,0.28921525374428997
03/1999,3.736,3.6158845445835275,0.12011545541647273,2.2176000000000005,1.0338432134516338,1.5183999999999997,1.4686946533513565,-0.020098529201029617,-0.02951860237777831,1.4982132557291348
04/1999,1.464,1.3433679189688328,0.12063208103116718,2.7356000000000003,1.414785103823192,-1.2716000000000003,-0.8987937437026579,0.49634635880103123,-0.4461130019999615,-0.45268074170269634
05/1999,0.674,0.5528512933541384,0.12114870664586164,1.7487,0.9181740357906011,-1.0747,-1.1704752673327568,0.5713401275307383,-0.6687394885094722,-0.5017357788232846
06/1999,0.594,0.47233466773944377,0.1216653322605562,1.2726250000000003,0.7400365763764654,-0.6786250000000004,-0.9170154849951305,0.14934274461245026,-0.13694960938129,-0.7800658756138406
07/1999,0.97,0.8478180421247492,0.12218195787525077,1.1700249999999996,0.8026661350617703,-0.20002499999999968,-0.24920074644061876,0.24406371397250995,-0.06082085970101916,-0.1883798867395996
08/1999,0.408,0.2853014165100547,0.12269858348994528,0.9759500000000001,0.8019349708673389,-0.5679500000000002,-0.7082245077624305,0.4128413642938783,-0.2923843720110022,-0.4158401357514283
09/1999,0.34,0.2167847908953604,0.12321520910463962,0.8639500000000002,0.5493960297453924,-0.5239500000000001,-0.9536836300815921,0.5506659346567532,-0.5251610875257251,-0.42852254255586697
10/1999,0.437,0.3132681652806657,0.1237318347193343,0.9608499999999998,0.6798271306001255,-0.5238499999999997,-0.7705635394950551,-0.013852909594518388,0.010674547049457098,-0.7812380865445122
