Monat,Durchfluss_m3s,Datum,trendber,trend,saisonfigur_mean,saisonfigur_std,saisonber,normiert,autokorr_saisonfigur,autokorr,zufall
11/1959,0.336,1959-11-01,0.28476,0.05124,0.95687,0.73276,-0.62087,-0.84731,0.44651,-0.37833,-0.46898
12/1959,0.256,1959-12-01,0.20497,0.05103,1.42378,1.20142,-1.16778,-0.972,0.38281,-0.37209,-0.5999
01/1960,0.701,1960-01-01,0.65019,0.05081,1.32562,0.92795,-0.62463,-0.67312,0.25444,-0.17127,-0.50185
02/1960,0.562,1960-02-01,0.5114,0.0506,1.09023,0.71671,-0.52823,-0.73701,0.25318,-0.18659,-0.55042
03/1960,1.864,1960-03-01,1.81362,0.05038,1.8362,1.01561,0.0278,0.02737,0.00952,0.00026,0.02711
04/1960,1.15,1960-04-01,1.09983,0.05017,2.39665,1.45556,-1.24665,-0.85648,0.59307,-0.50795,-0.34853
05/1960,1.147,1960-05-01,1.09704,0.04996,1.25822,0.80009,-0.11122,-0.13902,0.37076,-0.05154,-0.08747
06/1960,0.672,1960-06-01,0.62226,0.04974,0.87288,0.52115,-0.20088,-0.38544,0.06897,-0.02659,-0.35886
07/1960,0.42,1960-07-01,0.37047,0.04953,0.86582,0.66268,-0.44583,-0.67276,0.11956,-0.08043,-0.59233
08/1960,0.493,1960-08-01,0.44369,0.04931,0.6943,0.42636,-0.2013,-0.47214,0.19382,-0.09151,-0.38063
09/1960,0.254,1960-09-01,0.2049,0.0491,0.7096,0.52468,-0.4556,-0.86833,0.54189,-0.47054,-0.39779
10/1960,1.97,1960-10-01,1.92111,0.04889,0.81383,0.66743,1.15617,1.73227,-0.0622,-0.10774,1.84001
11/1960,1.161,1960-11-01,1.11233,0.04867,0.95687,0.73276,0.20413,0.27857,0.44651,0.12438,0.15419
12/1960,1.415,1960-12-01,1.36654,0.04846,1.42378,1.20142,-0.00878,-0.0073,0.38281,-0.0028,-0.00451
01/1961,0.584,1961-01-01,0.53576,0.04824,1.32562,0.92795,-0.74163,-0.79921,0.25444,-0.20335,-0.59586
02/1961,1.968,1961-02-01,1.91997,0.04803,1.09023,0.71671,0.87777,1.22473,0.25318,0.31007,0.91465
03/1961,2.547,1961-03-01,2.49918,0.04782,1.8362,1.01561,0.7108,0.69988,0.00952,0.00666,0.69321
04/1961,2.235,1961-04-01,2.1874,0.0476,2.39665,1.45556,-0.16165,-0.11106,0.59307,-0.06586,-0.04519
05/1961,1.634,1961-05-01,1.58661,0.04739,1.25822,0.80009,0.37578,0.46967,0.37076,0.17414,0.29553
06/1961,2.273,1961-06-01,2.22583,0.04717,0.87288,0.52115,1.40012,2.6866,0.06897,0.18531,2.5013
07/1961,0.745,1961-07-01,0.69804,0.04696,0.86582,0.66268,-0.12083,-0.18233,0.11956,-0.0218,-0.16053
08/1961,0.699,1961-08-01,0.65225,0.04675,0.6943,0.42636,0.0047,0.01102,0.19382,0.00214,0.00889
09/1961,0.462,1961-09-01,0.41547,0.04653,0.7096,0.52468,-0.2476,-0.4719,0.54189,-0.25572,-0.21618
10/1961,0.4,1961-10-01,0.35368,0.04632,0.81383,0.66743,-0.41383,-0.62002,-0.0622,0.03856,-0.65859
11/1961,0.409,1961-11-01,0.36289,0.04611,0.95687,0.73276,-0.54787,-0.74769,0.44651,-0.33385,-0.41384
12/1961,0.688,1961-12-01,0.64211,0.04589,1.42378,1.20142,-0.73578,-0.61242,0.38281,-0.23444,-0.37798
01/1962,1.165,1962-01-01,1.11932,0.04568,1.32562,0.92795,-0.16063,-0.1731,0.25444,-0.04404,-0.12905
02/1962,0.621,1962-02-01,0.57554,0.04546,1.09023,0.71671,-0.46923,-0.65469,0.25318,-0.16575,-0.48894
03/1962,0.957,1962-03-01,0.91175,0.04525,1.8362,1.01561,-0.8792,-0.86569,0.00952,-0.00824,-0.85744
04/1962,3.646,1962-04-01,3.60096,0.04504,2.39665,1.45556,1.24935,0.85833,0.59307,0.50905,0.34928
05/1962,1.435,1962-05-01,1.39018,0.04482,1.25822,0.80009,0.17678,0.22094,0.37076,0.08192,0.13903
06/1962,0.612,1962-06-01,0.56739,0.04461,0.87288,0.52115,-0.26088,-0.50057,0.06897,-0.03453,-0.46605
07/1962,0.632,1962-07-01,0.58761,0.04439,0.86582,0.66268,-0.23383,-0.35285,0.11956,-0.04219,-0.31066
08/1962,0.329,1962-08-01,0.28482,0.04418,0.6943,0.42636,-0.3653,-0.85679,0.19382,-0.16606,-0.69073
09/1962,0.323,1962-09-01,0.27903,0.04397,0.7096,0.52468,-0.3866,-0.73682,0.54189,-0.39928,-0.33755
10/1962,0.316,1962-10-01,0.27225,0.04375,0.81383,0.66743,-0.49783,-0.74588,-0.0622,0.04639,-0.79227
11/1962,0.398,1962-11-01,0.35446,0.04354,0.95687,0.73276,-0.55887,-0.7627,0.44651,-0.34055,-0.42215
12/1962,0.433,1962-12-01,0.38968,0.04332,1.42378,1.20142,-0.99078,-0.82467,0.38281,-0.3157,-0.50898
01/1963,0.405,1963-01-01,0.36189,0.04311,1.32562,0.92795,-0.92062,-0.9921,0.25444,-0.25243,-0.73967
02/1963,0.31,1963-02-01,0.2671,0.0429,1.09023,0.71671,-0.78023,-1.08862,0.25318,-0.27561,-0.81301
03/1963,1.512,1963-03-01,1.46932,0.04268,1.8362,1.01561,-0.3242,-0.31922,0.00952,-0.00304,-0.31618
04/1963,2.717,1963-04-01,2.67453,0.04247,2.39665,1.45556,0.32035,0.22009,0.59307,0.13053,0.08956
05/1963,0.869,1963-05-01,0.82675,0.04225,1.25822,0.80009,-0.38922,-0.48648,0.37076,-0.18037,-0.30611
06/1963,0.946,1963-06-01,0.90396,0.04204,0.87288,0.52115,0.07312,0.14031,0.06897,0.00968,0.13064
07/1963,0.725,1963-07-01,0.68317,0.04183,0.86582,0.66268,-0.14083,-0.21251,0.11956,-0.02541,-0.1871
08/1963,0.318,1963-08-01,0.27639,0.04161,0.6943,0.42636,-0.3763,-0.88259,0.19382,-0.17106,-0.71153
09/1963,0.23,1963-09-01,0.1886,0.0414,0.7096,0.52468,-0.4796,-0.91407,0.54189,-0.49533,-0.41875
10/1963,0.268,1963-10-01,0.22682,0.04118,0.81383,0.66743,-0.54583,-0.8178,-0.0622,0.05086,-0.86866
11/1963,0.279,1963-11-01,0.23803,0.04097,0.95687,0.73276,-0.67787,-0.9251,0.44651,-0.41307,-0.51203
12/1963,0.268,1963-12-01,0.22724,0.04076,1.42378,1.20142,-1.15578,-0.96201,0.38281,-0.36827,-0.59374
01/1964,0.254,1964-01-01,0.21346,0.04054,1.32562,0.92795,-1.07162,-1.15483,0.25444,-0.29383,-0.86099
02/1964,0.25,1964-02-01,0.20967,0.04033,1.09023,0.71671,-0.84023,-1.17233,0.25318,-0.29681,-0.87553
03/1964,1.139,1964-03-01,1.09889,0.04011,1.8362,1.01561,-0.6972,-0.68648,0.00952,-0.00654,-0.67995
04/1964,1.806,1964-04-01,1.7661,0.0399,2.39665,1.45556,-0.59065,-0.40579,0.59307,-0.24066,-0.16513
05/1964,0.984,1964-05-01,0.94431,0.03969,1.25822,0.80009,-0.27422,-0.34274,0.37076,-0.12708,-0.21567
06/1964,0.376,1964-06-01,0.33653,0.03947,0.87288,0.52115,-0.49688,-0.95342,0.06897,-0.06576,-0.88766
07/1964,0.252,1964-07-01,0.21274,0.03926,0.86582,0.66268,-0.61383,-0.92628,0.11956,-0.11074,-0.81553
08/1964,0.161,1964-08-01,0.12196,0.03904,0.6943,0.42636,-0.5333,-1.25082,0.19382,-0.24243,-1.00839
09/1964,0.186,1964-09-01,0.14717,0.03883,0.7096,0.52468,-0.5236,-0.99793,0.54189,-0.54077,-0.45717
10/1964,0.296,1964-10-01,0.25738,0.03862,0.81383,0.66743,-0.51783,-0.77585,-0.0622,0.04826,-0.8241
11/1964,0.52,1964-11-01,0.4816,0.0384,0.95687,0.73276,-0.43687,-0.59621,0.44651,-0.26621,-0.32999
12/1964,0.575,1964-12-01,0.53681,0.03819,1.42378,1.20142,-0.84878,-0.70648,0.38281,-0.27045,-0.43603
01/1965,0.493,1965-01-01,0.45502,0.03798,1.32562,0.92795,-0.83262,-0.89727,0.25444,-0.2283,-0.66897
02/1965,0.323,1965-02-01,0.28524,0.03776,1.09023,0.71671,-0.76723,-1.07048,0.25318,-0.27102,-0.79946
03/1965,2.131,1965-03-01,2.09345,0.03755,1.8362,1.01561,0.2948,0.29027,0.00952,0.00276,0.28751
04/1965,5.107,1965-04-01,5.06967,0.03733,2.39665,1.45556,2.71035,1.86207,0.59307,1.10433,0.75774
05/1965,3.595,1965-05-01,3.55788,0.03712,1.25822,0.80009,2.33678,2.92065,0.37076,1.08287,1.83778
06/1965,1.713,1965-06-01,1.67609,0.03691,0.87288,0.52115,0.84012,1.61206,0.06897,0.11119,1.50087
07/1965,0.553,1965-07-01,0.51631,0.03669,0.86582,0.66268,-0.31283,-0.47206,0.11956,-0.05644,-0.41562
08/1965,0.438,1965-08-01,0.40152,0.03648,0.6943,0.42636,-0.2563,-0.60114,0.19382,-0.11651,-0.48463
09/1965,0.606,1965-09-01,0.56974,0.03626,0.7096,0.52468,-0.1036,-0.19745,0.54189,-0.107,-0.09046
10/1965,0.42,1965-10-01,0.38395,0.03605,0.81383,0.66743,-0.39383,-0.59006,-0.0622,0.0367,-0.62676
11/1965,0.429,1965-11-01,0.39316,0.03584,0.95687,0.73276,-0.52787,-0.72039,0.44651,-0.32166,-0.39873
12/1965,2.772,1965-12-01,2.73638,0.03562,1.42378,1.20142,1.34822,1.1222,0.38281,0.42959,0.6926
01/1966,1.364,1966-01-01,1.32859,0.03541,1.32562,0.92795,0.03838,0.04135,0.25444,0.01052,0.03083
02/1966,2.845,1966-02-01,2.80981,0.03519,1.09023,0.71671,1.75477,2.44837,0.25318,0.61987,1.8285
03/1966,1.574,1966-03-01,1.53902,0.03498,1.8362,1.01561,-0.2622,-0.25817,0.00952,-0.00246,-0.25571
04/1966,2.153,1966-04-01,2.11823,0.03477,2.39665,1.45556,-0.24365,-0.16739,0.59307,-0.09928,-0.06812
05/1966,1.271,1966-05-01,1.23645,0.03455,1.25822,0.80009,0.01277,0.01597,0.37076,0.00592,0.01005
06/1966,1.645,1966-06-01,1.61066,0.03434,0.87288,0.52115,0.77212,1.48158,0.06897,0.10219,1.37939
07/1966,2.343,1966-07-01,2.30888,0.03412,0.86582,0.66268,1.47718,2.22909,0.11956,0.2665,1.96259
08/1966,0.506,1966-08-01,0.47209,0.03391,0.6943,0.42636,-0.1883,-0.44165,0.19382,-0.0856,-0.35605
09/1966,0.796,1966-09-01,0.7623,0.0337,0.7096,0.52468,0.0864,0.16467,0.54189,0.08923,0.07544
10/1966,0.703,1966-10-01,0.66952,0.03348,0.81383,0.66743,-0.11083,-0.16605,-0.0622,0.01033,-0.17637
11/1966,0.968,1966-11-01,0.93473,0.03327,0.95687,0.73276,0.01113,0.01518,0.44651,0.00678,0.0084
12/1966,1.724,1966-12-01,1.69095,0.03305,1.42378,1.20142,0.30022,0.24989,0.38281,0.09566,0.15423
01/1967,1.667,1967-01-01,1.63416,0.03284,1.32562,0.92795,0.34138,0.36788,0.25444,0.0936,0.27428
02/1967,3.102,1967-02-01,3.06937,0.03263,1.09023,0.71671,2.01177,2.80695,0.25318,0.71065,2.0963
03/1967,2.613,1967-03-01,2.58059,0.03241,1.8362,1.01561,0.7768,0.76486,0.00952,0.00728,0.75758
04/1967,2.193,1967-04-01,2.1608,0.0322,2.39665,1.45556,-0.20365,-0.13991,0.59307,-0.08298,-0.05694
05/1967,0.486,1967-05-01,0.45402,0.03198,1.25822,0.80009,-0.77222,-0.96518,0.37076,-0.35785,-0.60732
06/1967,0.451,1967-06-01,0.41923,0.03177,0.87288,0.52115,-0.42188,-0.80951,0.06897,-0.05584,-0.75367
07/1967,0.433,1967-07-01,0.40144,0.03156,0.86582,0.66268,-0.43283,-0.65314,0.11956,-0.07809,-0.57506
08/1967,0.553,1967-08-01,0.52166,0.03134,0.6943,0.42636,-0.1413,-0.33141,0.19382,-0.06423,-0.26718
09/1967,0.455,1967-09-01,0.42387,0.03113,0.7096,0.52468,-0.2546,-0.48524,0.54189,-0.26295,-0.2223
10/1967,0.491,1967-10-01,0.46009,0.03091,0.81383,0.66743,-0.32283,-0.48368,-0.0622,0.03008,-0.51377
11/1967,0.542,1967-11-01,0.5113,0.0307,0.95687,0.73276,-0.41487,-0.56618,0.44651,-0.25281,-0.31338
12/1967,2.193,1967-12-01,2.16251,0.03049,1.42378,1.20142,0.76922,0.64027,0.38281,0.2451,0.39516
01/1968,2.848,1968-01-01,2.81773,0.03027,1.32562,0.92795,1.52237,1.64057,0.25444,0.41743,1.22314
02/1968,1.039,1968-02-01,1.00894,0.03006,1.09023,0.71671,-0.05123,-0.07147,0.25318,-0.0181,-0.05338
03/1968,3.584,1968-03-01,3.55415,0.02985,1.8362,1.01561,1.7478,1.72094,0.00952,0.01638,1.70455
04/1968,3.988,1968-04-01,3.95837,0.02963,2.39665,1.45556,1.59135,1.09329,0.59307,0.64839,0.4449
05/1968,1.472,1968-05-01,1.44258,0.02942,1.25822,0.80009,0.21378,0.26719,0.37076,0.09906,0.16813
06/1968,0.648,1968-06-01,0.6188,0.0292,0.87288,0.52115,-0.22488,-0.4315,0.06897,-0.02976,-0.40173
07/1968,0.714,1968-07-01,0.68501,0.02899,0.86582,0.66268,-0.15183,-0.22911,0.11956,-0.02739,-0.20172
08/1968,0.833,1968-08-01,0.80422,0.02878,0.6943,0.42636,0.1387,0.32531,0.19382,0.06305,0.26226
09/1968,1.351,1968-09-01,1.32244,0.02856,0.7096,0.52468,0.6414,1.22245,0.54189,0.66243,0.56002
10/1968,3.055,1968-10-01,3.02665,0.02835,0.81383,0.66743,2.24118,3.3579,-0.0622,-0.20885,3.56676
11/1968,0.743,1968-11-01,0.71487,0.02813,0.95687,0.73276,-0.21387,-0.29188,0.44651,-0.13033,-0.16155
12/1968,0.668,1968-12-01,0.64008,0.02792,1.42378,1.20142,-0.75578,-0.62907,0.38281,-0.24082,-0.38825
01/1969,0.621,1969-01-01,0.59329,0.02771,1.32562,0.92795,-0.70462,-0.75933,0.25444,-0.19321,-0.56613
02/1969,0.612,1969-02-01,0.58451,0.02749,1.09023,0.71671,-0.47823,-0.66725,0.25318,-0.16893,-0.49832
03/1969,1.769,1969-03-01,1.74172,0.02728,1.8362,1.01561,-0.0672,-0.06617,0.00952,-0.00063,-0.06554
04/1969,5.529,1969-04-01,5.50194,0.02706,2.39665,1.45556,3.13235,2.15199,0.59307,1.27627,0.87572
05/1969,2.949,1969-05-01,2.92215,0.02685,1.25822,0.80009,1.69078,2.11324,0.37076,0.78351,1.32973
06/1969,0.999,1969-06-01,0.97236,0.02664,0.87288,0.52115,0.12612,0.24201,0.06897,0.01669,0.22532
07/1969,0.756,1969-07-01,0.72958,0.02642,0.86582,0.66268,-0.10983,-0.16573,0.11956,-0.01981,-0.14591
08/1969,0.816,1969-08-01,0.78979,0.02621,0.6943,0.42636,0.1217,0.28544,0.19382,0.05532,0.23012
09/1969,1.105,1969-09-01,1.07901,0.02599,0.7096,0.52468,0.3954,0.7536,0.54189,0.40836,0.34523
10/1969,0.765,1969-10-01,0.73922,0.02578,0.81383,0.66743,-0.04883,-0.07315,-0.0622,0.00455,-0.0777
11/1969,0.433,1969-11-01,0.40743,0.02557,0.95687,0.73276,-0.52387,-0.71493,0.44651,-0.31923,-0.39571
12/1969,0.354,1969-12-01,0.32865,0.02535,1.42378,1.20142,-1.06978,-0.89043,0.38281,-0.34087,-0.54956
01/1970,0.237,1970-01-01,0.21186,0.02514,1.32562,0.92795,-1.08862,-1.17315,0.25444,-0.2985,-0.87465
02/1970,0.497,1970-02-01,0.47208,0.02492,1.09023,0.71671,-0.59323,-0.8277,0.25318,-0.20956,-0.61815
03/1970,1.338,1970-03-01,1.31329,0.02471,1.8362,1.01561,-0.4982,-0.49054,0.00952,-0.00467,-0.48587
04/1970,5.107,1970-04-01,5.0825,0.0245,2.39665,1.45556,2.71035,1.86207,0.59307,1.10433,0.75774
05/1970,3.964,1970-05-01,3.93972,0.02428,1.25822,0.80009,2.70578,3.38185,0.37076,1.25386,2.12799
06/1970,1.528,1970-06-01,1.50393,0.02407,0.87288,0.52115,0.65512,1.25707,0.06897,0.08671,1.17037
07/1970,0.608,1970-07-01,0.58415,0.02385,0.86582,0.66268,-0.25783,-0.38906,0.11956,-0.04651,-0.34255
08/1970,1.55,1970-08-01,1.52636,0.02364,0.6943,0.42636,0.8557,2.00699,0.19382,0.38899,1.618
09/1970,0.517,1970-09-01,0.49357,0.02343,0.7096,0.52468,-0.1926,-0.36708,0.54189,-0.19891,-0.16816
10/1970,1.183,1970-10-01,1.15979,0.02321,0.81383,0.66743,0.36917,0.55313,-0.0622,-0.0344,0.58753
11/1970,2.867,1970-11-01,2.844,0.023,0.95687,0.73276,1.91013,2.60676,0.44651,1.16394,1.44281
12/1970,1.813,1970-12-01,1.79021,0.02279,1.42378,1.20142,0.38922,0.32397,0.38281,0.12402,0.19995
01/1971,0.796,1971-01-01,0.77343,0.02257,1.32562,0.92795,-0.52962,-0.57075,0.25444,-0.14522,-0.42552
02/1971,1.057,1971-02-01,1.03464,0.02236,1.09023,0.71671,-0.03323,-0.04636,0.25318,-0.01174,-0.03462
03/1971,1.685,1971-03-01,1.66286,0.02214,1.8362,1.01561,-0.1512,-0.14888,0.00952,-0.00142,-0.14746
04/1971,2.653,1971-04-01,2.63107,0.02193,2.39665,1.45556,0.25635,0.17612,0.59307,0.10445,0.07167
05/1971,1.189,1971-05-01,1.16728,0.02172,1.25822,0.80009,-0.06922,-0.08652,0.37076,-0.03208,-0.05444
06/1971,1.965,1971-06-01,1.9435,0.0215,0.87288,0.52115,1.09212,2.0956,0.06897,0.14454,1.95106
07/1971,0.798,1971-07-01,0.77671,0.02129,0.86582,0.66268,-0.06783,-0.10235,0.11956,-0.01224,-0.09011
08/1971,0.413,1971-08-01,0.39193,0.02107,0.6943,0.42636,-0.2813,-0.65977,0.19382,-0.12788,-0.5319
09/1971,0.338,1971-09-01,0.31714,0.02086,0.7096,0.52468,-0.3716,-0.70824,0.54189,-0.38378,-0.32445
10/1971,0.305,1971-10-01,0.28435,0.02065,0.81383,0.66743,-0.50883,-0.76236,-0.0622,0.04742,-0.80978
11/1971,0.301,1971-11-01,0.28057,0.02043,0.95687,0.73276,-0.65587,-0.89508,0.44651,-0.39966,-0.49542
12/1971,1.795,1971-12-01,1.77478,0.02022,1.42378,1.20142,0.37122,0.30899,0.38281,0.11829,0.1907
01/1972,0.716,1972-01-01,0.696,0.02,1.32562,0.92795,-0.60963,-0.65696,0.25444,-0.16716,-0.4898
02/1972,0.389,1972-02-01,0.36921,0.01979,1.09023,0.71671,-0.70123,-0.97839,0.25318,-0.24771,-0.73069
03/1972,0.358,1972-03-01,0.33842,0.01958,1.8362,1.01561,-1.4782,-1.45548,0.00952,-0.01386,-1.44162
04/1972,1.417,1972-04-01,1.39764,0.01936,2.39665,1.45556,-0.97965,-0.67304,0.59307,-0.39916,-0.27388
05/1972,1.123,1972-05-01,1.10385,0.01915,1.25822,0.80009,-0.13522,-0.16901,0.37076,-0.06266,-0.10635
06/1972,1.525,1972-06-01,1.50607,0.01893,0.87288,0.52115,0.65212,1.25132,0.06897,0.08631,1.16501
07/1972,0.816,1972-07-01,0.79728,0.01872,0.86582,0.66268,-0.04983,-0.07519,0.11956,-0.00899,-0.0662
08/1972,1.123,1972-08-01,1.10449,0.01851,0.6943,0.42636,0.4287,1.00549,0.19382,0.19488,0.81061
09/1972,0.785,1972-09-01,0.76671,0.01829,0.7096,0.52468,0.0754,0.14371,0.54189,0.07787,0.06583
10/1972,1.037,1972-10-01,1.01892,0.01808,0.81383,0.66743,0.22317,0.33438,-0.0622,-0.0208,0.35518
11/1972,1.116,1972-11-01,1.09814,0.01786,0.95687,0.73276,0.15913,0.21716,0.44651,0.09696,0.1202
12/1972,0.953,1972-12-01,0.93535,0.01765,1.42378,1.20142,-0.47078,-0.39185,0.38281,-0.15001,-0.24184
01/1973,0.504,1973-01-01,0.48656,0.01744,1.32562,0.92795,-0.82162,-0.88542,0.25444,-0.22529,-0.66013
02/1973,0.579,1973-02-01,0.56178,0.01722,1.09023,0.71671,-0.51123,-0.71329,0.25318,-0.18059,-0.5327
03/1973,1.344,1973-03-01,1.32699,0.01701,1.8362,1.01561,-0.4922,-0.48463,0.00952,-0.00461,-0.48002
04/1973,2.615,1973-04-01,2.59821,0.01679,2.39665,1.45556,0.21835,0.15001,0.59307,0.08897,0.06104
05/1973,2.226,1973-05-01,2.20942,0.01658,1.25822,0.80009,0.96778,1.20959,0.37076,0.44847,0.76112
06/1973,0.69,1973-06-01,0.67363,0.01637,0.87288,0.52115,-0.18288,-0.35091,0.06897,-0.0242,-0.3267
07/1973,1.172,1973-07-01,1.15585,0.01615,0.86582,0.66268,0.30617,0.46203,0.11956,0.05524,0.40679
08/1973,0.699,1973-08-01,0.68306,0.01594,0.6943,0.42636,0.0047,0.01102,0.19382,0.00214,0.00889
09/1973,0.329,1973-09-01,0.31328,0.01572,0.7096,0.52468,-0.3806,-0.72539,0.54189,-0.39308,-0.33231
10/1973,0.478,1973-10-01,0.46249,0.01551,0.81383,0.66743,-0.33583,-0.50316,-0.0622,0.0313,-0.53445
11/1973,0.442,1973-11-01,0.4267,0.0153,0.95687,0.73276,-0.51487,-0.70265,0.44651,-0.31374,-0.38891
12/1973,0.436,1973-12-01,0.42092,0.01508,1.42378,1.20142,-0.98778,-0.82218,0.38281,-0.31474,-0.50744
01/1974,1.934,1974-01-01,1.91913,0.01487,1.32562,0.92795,0.60837,0.65561,0.25444,0.16681,0.4888
02/1974,0.88,1974-02-01,0.86534,0.01466,1.09023,0.71671,-0.21023,-0.29332,0.25318,-0.07426,-0.21906
03/1974,1.311,1974-03-01,1.29656,0.01444,1.8362,1.01561,-0.5252,-0.51713,0.00952,-0.00492,-0.5122
04/1974,0.599,1974-04-01,0.58477,0.01423,2.39665,1.45556,-1.79765,-1.23503,0.59307,-0.73245,-0.50257
05/1974,0.674,1974-05-01,0.65999,0.01401,1.25822,0.80009,-0.58422,-0.7302,0.37076,-0.27073,-0.45947
06/1974,0.933,1974-06-01,0.9192,0.0138,0.87288,0.52115,0.06012,0.11537,0.06897,0.00796,0.10741
07/1974,1.057,1974-07-01,1.04341,0.01359,0.86582,0.66268,0.19117,0.28849,0.11956,0.03449,0.254
08/1974,0.508,1974-08-01,0.49463,0.01337,0.6943,0.42636,-0.1863,-0.43696,0.19382,-0.08469,-0.35227
09/1974,0.345,1974-09-01,0.33184,0.01316,0.7096,0.52468,-0.3646,-0.69489,0.54189,-0.37655,-0.31834
10/1974,0.754,1974-10-01,0.74106,0.01294,0.81383,0.66743,-0.05983,-0.08963,-0.0622,0.00558,-0.09521
11/1974,3.117,1974-11-01,3.10427,0.01273,0.95687,0.73276,2.16013,2.94793,0.44651,1.31628,1.63165
12/1974,7.342,1974-12-01,7.32948,0.01252,1.42378,1.20142,5.91822,4.92604,0.38281,1.88575,3.04029
01/1975,2.416,1975-01-01,2.4037,0.0123,1.32562,0.92795,1.09037,1.17503,0.25444,0.29898,0.87606
02/1975,1.335,1975-02-01,1.32291,0.01209,1.09023,0.71671,0.24477,0.34153,0.25318,0.08647,0.25506
03/1975,0.796,1975-03-01,0.78413,0.01187,1.8362,1.01561,-1.0402,-1.02421,0.00952,-0.00975,-1.01446
04/1975,1.563,1975-04-01,1.55134,0.01166,2.39665,1.45556,-0.83365,-0.57274,0.59307,-0.33967,-0.23307
05/1975,0.683,1975-05-01,0.67155,0.01145,1.25822,0.80009,-0.57522,-0.71895,0.37076,-0.26656,-0.45239
06/1975,0.592,1975-06-01,0.58077,0.01123,0.87288,0.52115,-0.28088,-0.53895,0.06897,-0.03717,-0.50178
07/1975,0.581,1975-07-01,0.56998,0.01102,0.86582,0.66268,-0.28483,-0.42981,0.11956,-0.05139,-0.37842
08/1975,0.758,1975-08-01,0.7472,0.0108,0.6943,0.42636,0.0637,0.1494,0.19382,0.02896,0.12045
09/1975,0.586,1975-09-01,0.57541,0.01059,0.7096,0.52468,-0.1236,-0.23557,0.54189,-0.12765,-0.10792
10/1975,0.303,1975-10-01,0.29262,0.01038,0.81383,0.66743,-0.51083,-0.76536,-0.0622,0.0476,-0.81296
11/1975,0.385,1975-11-01,0.37484,0.01016,0.95687,0.73276,-0.57187,-0.78044,0.44651,-0.34847,-0.43197
12/1975,1.386,1975-12-01,1.37605,0.00995,1.42378,1.20142,-0.03778,-0.03144,0.38281,-0.01204,-0.01941
01/1976,4.76,1976-01-01,4.75027,0.00973,1.32562,0.92795,3.43438,3.70102,0.25444,0.94169,2.75933
02/1976,1.077,1976-02-01,1.06748,0.00952,1.09023,0.71671,-0.01323,-0.01845,0.25318,-0.00467,-0.01378
03/1976,0.825,1976-03-01,0.81569,0.00931,1.8362,1.01561,-1.0112,-0.99566,0.00952,-0.00948,-0.98618
04/1976,2.049,1976-04-01,2.03991,0.00909,2.39665,1.45556,-0.34765,-0.23884,0.59307,-0.14165,-0.09719
05/1976,0.564,1976-05-01,0.55512,0.00888,1.25822,0.80009,-0.69422,-0.86769,0.37076,-0.32171,-0.54598
06/1976,0.641,1976-06-01,0.63234,0.00866,0.87288,0.52115,-0.23188,-0.44493,0.06897,-0.03069,-0.41424
07/1976,0.398,1976-07-01,0.38955,0.00845,0.86582,0.66268,-0.46783,-0.70596,0.11956,-0.0844,-0.62156
08/1976,0.418,1976-08-01,0.40976,0.00824,0.6943,0.42636,-0.2763,-0.64804,0.19382,-0.1256,-0.52244
09/1976,0.334,1976-09-01,0.32598,0.00802,0.7096,0.52468,-0.3756,-0.71586,0.54189,-0.38792,-0.32794
10/1976,0.27,1976-10-01,0.26219,0.00781,0.81383,0.66743,-0.54383,-0.8148,-0.0622,0.05068,-0.86548
11/1976,0.36,1976-11-01,0.3524,0.0076,0.95687,0.73276,-0.59687,-0.81456,0.44651,-0.36371,-0.45085
12/1976,0.893,1976-12-01,0.88562,0.00738,1.42378,1.20142,-0.53078,-0.44179,0.38281,-0.16912,-0.27267
01/1977,0.721,1977-01-01,0.71383,0.00717,1.32562,0.92795,-0.60463,-0.65157,0.25444,-0.16579,-0.48578
02/1977,2.235,1977-02-01,2.22805,0.00695,1.09023,0.71671,1.14477,1.59726,0.25318,0.40439,1.19287
03/1977,2.414,1977-03-01,2.40726,0.00674,1.8362,1.01561,0.5778,0.56892,0.00952,0.00542,0.5635
04/1977,1.572,1977-04-01,1.56547,0.00653,2.39665,1.45556,-0.82465,-0.56655,0.59307,-0.336,-0.23055
05/1977,1.004,1977-05-01,0.99769,0.00631,1.25822,0.80009,-0.25422,-0.31775,0.37076,-0.11781,-0.19994
06/1977,0.971,1977-06-01,0.9649,0.0061,0.87288,0.52115,0.09812,0.18829,0.06897,0.01299,0.1753
07/1977,0.875,1977-07-01,0.86912,0.00588,0.86582,0.66268,0.00917,0.01385,0.11956,0.00166,0.01219
08/1977,1.559,1977-08-01,1.55333,0.00567,0.6943,0.42636,0.8647,2.0281,0.19382,0.39308,1.63502
09/1977,1.267,1977-09-01,1.26154,0.00546,0.7096,0.52468,0.5574,1.06235,0.54189,0.57568,0.48668
10/1977,0.825,1977-10-01,0.81976,0.00524,0.81383,0.66743,0.01117,0.01674,-0.0622,-0.00104,0.01778
11/1977,1.797,1977-11-01,1.79197,0.00503,0.95687,0.73276,0.84013,1.14652,0.44651,0.51193,0.63459
12/1977,1.395,1977-12-01,1.39019,0.00481,1.42378,1.20142,-0.02878,-0.02395,0.38281,-0.00917,-0.01478
01/1978,1.052,1978-01-01,1.0474,0.0046,1.32562,0.92795,-0.27362,-0.29487,0.25444,-0.07503,-0.21984
02/1978,0.533,1978-02-01,0.52861,0.00439,1.09023,0.71671,-0.55723,-0.77747,0.25318,-0.19684,-0.58064
03/1978,2.255,1978-03-01,2.25083,0.00417,1.8362,1.01561,0.4188,0.41236,0.00952,0.00393,0.40844
04/1978,1.567,1978-04-01,1.56304,0.00396,2.39665,1.45556,-0.82965,-0.56999,0.59307,-0.33804,-0.23195
05/1978,2.16,1978-05-01,2.15626,0.00374,1.25822,0.80009,0.90178,1.1271,0.37076,0.41788,0.70921
06/1978,0.964,1978-06-01,0.96047,0.00353,0.87288,0.52115,0.09112,0.17485,0.06897,0.01206,0.16279
07/1978,0.623,1978-07-01,0.61968,0.00332,0.86582,0.66268,-0.24283,-0.36643,0.11956,-0.04381,-0.32262
08/1978,1.088,1978-08-01,1.0849,0.0031,0.6943,0.42636,0.3937,0.9234,0.19382,0.17897,0.74443
09/1978,1.658,1978-09-01,1.65511,0.00289,0.7096,0.52468,0.9484,1.80756,0.54189,0.9795,0.82807
10/1978,2.343,1978-10-01,2.34033,0.00267,0.81383,0.66743,1.52917,2.29113,-0.0622,-0.1425,2.43363
11/1978,0.82,1978-11-01,0.81754,0.00246,0.95687,0.73276,-0.13687,-0.18679,0.44651,-0.08341,-0.10339
12/1978,1.326,1978-12-01,1.32375,0.00225,1.42378,1.20142,-0.09778,-0.08138,0.38281,-0.03115,-0.05023
01/1979,1.859,1979-01-01,1.85697,0.00203,1.32562,0.92795,0.53337,0.57479,0.25444,0.14625,0.42854
02/1979,0.524,1979-02-01,0.52218,0.00182,1.09023,0.71671,-0.56623,-0.79003,0.25318,-0.20002,-0.59001
03/1979,2.27,1979-03-01,2.2684,0.0016,1.8362,1.01561,0.4338,0.42713,0.00952,0.00407,0.42307
04/1979,3.117,1979-04-01,3.11561,0.00139,2.39665,1.45556,0.72035,0.4949,0.59307,0.29351,0.20139
05/1979,1.001,1979-05-01,0.99982,0.00118,1.25822,0.80009,-0.25723,-0.3215,0.37076,-0.1192,-0.2023
06/1979,0.482,1979-06-01,0.48104,0.00096,0.87288,0.52115,-0.39088,-0.75002,0.06897,-0.05173,-0.69829
07/1979,0.564,1979-07-01,0.56325,0.00075,0.86582,0.66268,-0.30183,-0.45546,0.11956,-0.05445,-0.40101
08/1979,0.533,1979-08-01,0.53247,0.00053,0.6943,0.42636,-0.1613,-0.37832,0.19382,-0.07332,-0.30499
09/1979,1.594,1979-09-01,1.59368,0.00032,0.7096,0.52468,0.8844,1.68558,0.54189,0.9134,0.77219
10/1979,1.026,1979-10-01,1.02589,0.00011,0.81383,0.66743,0.21217,0.3179,-0.0622,-0.01977,0.33767
11/1979,0.688,1979-11-01,0.68811,-0.00011,0.95687,0.73276,-0.26887,-0.36694,0.44651,-0.16384,-0.20309
12/1979,1.948,1979-12-01,1.94832,-0.00032,1.42378,1.20142,0.52422,0.43634,0.38281,0.16704,0.2693
01/1980,0.564,1980-01-01,0.56453,-0.00053,1.32562,0.92795,-0.76163,-0.82076,0.25444,-0.20883,-0.61192
02/1980,1.968,1980-02-01,1.96875,-0.00075,1.09023,0.71671,0.87777,1.22473,0.25318,0.31007,0.91465
03/1980,0.986,1980-03-01,0.98696,-0.00096,1.8362,1.01561,-0.8502,-0.83713,0.00952,-0.00797,-0.82916
04/1980,2.856,1980-04-01,2.85718,-0.00118,2.39665,1.45556,0.45935,0.31558,0.59307,0.18716,0.12842
05/1980,2.657,1980-05-01,2.65839,-0.00139,1.25822,0.80009,1.39878,1.74828,0.37076,0.6482,1.10008
06/1980,0.391,1980-06-01,0.3926,-0.0016,0.87288,0.52115,-0.48188,-0.92464,0.06897,-0.06378,-0.86086
07/1980,3.413,1980-07-01,3.41482,-0.00182,0.86582,0.66268,2.54717,3.84374,0.11956,0.45954,3.3842
08/1980,0.714,1980-08-01,0.71603,-0.00203,0.6943,0.42636,0.0197,0.04621,0.19382,0.00896,0.03725
09/1980,0.637,1980-09-01,0.63925,-0.00225,0.7096,0.52468,-0.0726,-0.13837,0.54189,-0.07498,-0.06339
10/1980,1.048,1980-10-01,1.05046,-0.00246,0.81383,0.66743,0.23417,0.35086,-0.0622,-0.02182,0.37268
11/1980,1.145,1980-11-01,1.14767,-0.00267,0.95687,0.73276,0.18813,0.25674,0.44651,0.11463,0.1421
12/1980,1.36,1980-12-01,1.36289,-0.00289,1.42378,1.20142,-0.06378,-0.05308,0.38281,-0.02032,-0.03276
01/1981,1.008,1981-01-01,1.0111,-0.0031,1.32562,0.92795,-0.31763,-0.34229,0.25444,-0.08709,-0.25519
02/1981,0.721,1981-02-01,0.72432,-0.00332,1.09023,0.71671,-0.36923,-0.51517,0.25318,-0.13043,-0.38474
03/1981,5.768,1981-03-01,5.77153,-0.00353,1.8362,1.01561,3.9318,3.87137,0.00952,0.03686,3.83451
04/1981,0.982,1981-04-01,0.98574,-0.00374,2.39665,1.45556,-1.41465,-0.9719,0.59307,-0.5764,-0.3955
05/1981,1.391,1981-05-01,1.39496,-0.00396,1.25822,0.80009,0.13278,0.16595,0.37076,0.06153,0.10442
06/1981,0.544,1981-06-01,0.54817,-0.00417,0.87288,0.52115,-0.32888,-0.63106,0.06897,-0.04353,-0.58753
07/1981,1.755,1981-07-01,1.75939,-0.00439,0.86582,0.66268,0.88917,1.34179,0.11956,0.16042,1.18137
08/1981,1.607,1981-08-01,1.6116,-0.0046,0.6943,0.42636,0.9127,2.14068,0.19382,0.4149,1.72578
09/1981,0.856,1981-09-01,0.86081,-0.00481,0.7096,0.52468,0.1464,0.27902,0.54189,0.1512,0.12782
10/1981,2.5,1981-10-01,2.50503,-0.00503,0.81383,0.66743,1.68617,2.52636,-0.0622,-0.15713,2.68349
11/1981,2.529,1981-11-01,2.53424,-0.00524,0.95687,0.73276,1.57213,2.14549,0.44651,0.95798,1.18751
12/1981,1.048,1981-12-01,1.05346,-0.00546,1.42378,1.20142,-0.37578,-0.31278,0.38281,-0.11974,-0.19304
01/1982,1.545,1982-01-01,1.55067,-0.00567,1.32562,0.92795,0.21937,0.23641,0.25444,0.06015,0.17626
02/1982,1.141,1982-02-01,1.14688,-0.00588,1.09023,0.71671,0.05077,0.07084,0.25318,0.01794,0.05291
03/1982,2.012,1982-03-01,2.0181,-0.0061,1.8362,1.01561,0.1758,0.1731,0.00952,0.00165,0.17145
04/1982,2.611,1982-04-01,2.61731,-0.00631,2.39665,1.45556,0.21435,0.14726,0.59307,0.08734,0.05993
05/1982,1.196,1982-05-01,1.20253,-0.00653,1.25822,0.80009,-0.06222,-0.07777,0.37076,-0.02884,-0.04894
06/1982,0.517,1982-06-01,0.52374,-0.00674,0.87288,0.52115,-0.35588,-0.68286,0.06897,-0.0471,-0.63576
07/1982,0.48,1982-07-01,0.48695,-0.00695,0.86582,0.66268,-0.38583,-0.58222,0.11956,-0.06961,-0.51261
08/1982,0.906,1982-08-01,0.91317,-0.00717,0.6943,0.42636,0.2117,0.49653,0.19382,0.09624,0.40029
09/1982,0.283,1982-09-01,0.29038,-0.00738,0.7096,0.52468,-0.4266,-0.81306,0.54189,-0.44059,-0.37247
10/1982,0.385,1982-10-01,0.3926,-0.0076,0.81383,0.66743,-0.42883,-0.6425,-0.0622,0.03996,-0.68246
11/1982,0.334,1982-11-01,0.34181,-0.00781,0.95687,0.73276,-0.62287,-0.85004,0.44651,-0.37955,-0.47049
12/1982,0.778,1982-12-01,0.78602,-0.00802,1.42378,1.20142,-0.64578,-0.53751,0.38281,-0.20577,-0.33174
01/1983,2.472,1983-01-01,2.48024,-0.00824,1.32562,0.92795,1.14637,1.23538,0.25444,0.31433,0.92105
02/1983,1.43,1983-02-01,1.43845,-0.00845,1.09023,0.71671,0.33977,0.47407,0.25318,0.12002,0.35405
03/1983,1.791,1983-03-01,1.79966,-0.00866,1.8362,1.01561,-0.0452,-0.04451,0.00952,-0.00042,-0.04408
04/1983,3.23,1983-04-01,3.23888,-0.00888,2.39665,1.45556,0.83335,0.57253,0.59307,0.33955,0.23298
05/1983,0.856,1983-05-01,0.86509,-0.00909,1.25822,0.80009,-0.40222,-0.50273,0.37076,-0.18639,-0.31633
06/1983,0.544,1983-06-01,0.55331,-0.00931,0.87288,0.52115,-0.32888,-0.63106,0.06897,-0.04353,-0.58753
07/1983,0.305,1983-07-01,0.31452,-0.00952,0.86582,0.66268,-0.56083,-0.8463,0.11956,-0.10118,-0.74512
08/1983,2.03,1983-08-01,2.03973,-0.00973,0.6943,0.42636,1.3357,3.1328,0.19382,0.60719,2.52561
09/1983,0.478,1983-09-01,0.48795,-0.00995,0.7096,0.52468,-0.2316,-0.44141,0.54189,-0.23919,-0.20221
10/1983,0.294,1983-10-01,0.30416,-0.01016,0.81383,0.66743,-0.51983,-0.77884,-0.0622,0.04844,-0.82728
11/1983,0.641,1983-11-01,0.65138,-0.01038,0.95687,0.73276,-0.31587,-0.43108,0.44651,-0.19248,-0.2386
12/1983,0.486,1983-12-01,0.49659,-0.01059,1.42378,1.20142,-0.93778,-0.78056,0.38281,-0.29881,-0.48175
01/1984,0.926,1984-01-01,0.9368,-0.0108,1.32562,0.92795,-0.39962,-0.43065,0.25444,-0.10958,-0.32108
02/1984,0.966,1984-02-01,0.97702,-0.01102,1.09023,0.71671,-0.12423,-0.17333,0.25318,-0.04388,-0.12944
03/1984,1.152,1984-03-01,1.16323,-0.01123,1.8362,1.01561,-0.6842,-0.67368,0.00952,-0.00641,-0.66727
04/1984,3.177,1984-04-01,3.18845,-0.01145,2.39665,1.45556,0.78035,0.53612,0.59307,0.31795,0.21816
05/1984,1.256,1984-05-01,1.26766,-0.01166,1.25822,0.80009,-0.00222,-0.00278,0.37076,-0.00103,-0.00175
06/1984,1.291,1984-06-01,1.30287,-0.01187,0.87288,0.52115,0.41812,0.80231,0.06897,0.05534,0.74697
07/1984,2.184,1984-07-01,2.19609,-0.01209,0.86582,0.66268,1.31818,1.98916,0.11956,0.23782,1.75134
08/1984,1.013,1984-08-01,1.0253,-0.0123,0.6943,0.42636,0.3187,0.74749,0.19382,0.14488,0.60261
09/1984,1.028,1984-09-01,1.04052,-0.01252,0.7096,0.52468,0.3184,0.60684,0.54189,0.32884,0.278
10/1984,0.988,1984-10-01,1.00073,-0.01273,0.81383,0.66743,0.17417,0.26096,-0.0622,-0.01623,0.27719
11/1984,0.599,1984-11-01,0.61194,-0.01294,0.95687,0.73276,-0.35787,-0.48839,0.44651,-0.21807,-0.27032
12/1984,0.343,1984-12-01,0.35616,-0.01316,1.42378,1.20142,-1.08078,-0.89958,0.38281,-0.34437,-0.55521
01/1985,0.318,1985-01-01,0.33137,-0.01337,1.32562,0.92795,-1.00762,-1.08586,0.25444,-0.27629,-0.80957
02/1985,0.635,1985-02-01,0.64859,-0.01359,1.09023,0.71671,-0.45523,-0.63516,0.25318,-0.16081,-0.47435
03/1985,0.842,1985-03-01,0.8558,-0.0138,1.8362,1.01561,-0.9942,-0.97892,0.00952,-0.00932,-0.9696
04/1985,2.038,1985-04-01,2.05201,-0.01401,2.39665,1.45556,-0.35865,-0.2464,0.59307,-0.14613,-0.10027
05/1985,1.006,1985-05-01,1.02023,-0.01423,1.25822,0.80009,-0.25222,-0.31525,0.37076,-0.11688,-0.19837
06/1985,0.705,1985-06-01,0.71944,-0.01444,0.87288,0.52115,-0.16788,-0.32212,0.06897,-0.02222,-0.29991
07/1985,1.446,1985-07-01,1.46066,-0.01466,0.86582,0.66268,0.58017,0.8755,0.11956,0.10467,0.77083
08/1985,0.294,1985-08-01,0.30887,-0.01487,0.6943,0.42636,-0.4003,-0.93888,0.19382,-0.18197,-0.75691
09/1985,0.195,1985-09-01,0.21008,-0.01508,0.7096,0.52468,-0.5146,-0.98078,0.54189,-0.53147,-0.44931
10/1985,0.294,1985-10-01,0.3093,-0.0153,0.81383,0.66743,-0.51983,-0.77884,-0.0622,0.04844,-0.82728
11/1985,0.283,1985-11-01,0.29851,-0.01551,0.95687,0.73276,-0.67387,-0.91964,0.44651,-0.41063,-0.50901
12/1985,1.158,1985-12-01,1.17372,-0.01572,1.42378,1.20142,-0.26578,-0.22122,0.38281,-0.08469,-0.13653
01/1986,1.658,1986-01-01,1.67394,-0.01594,1.32562,0.92795,0.33237,0.35818,0.25444,0.09114,0.26705
02/1986,0.568,1986-02-01,0.58415,-0.01615,1.09023,0.71671,-0.52223,-0.72864,0.25318,-0.18447,-0.54417
03/1986,1.87,1986-03-01,1.88637,-0.01637,1.8362,1.01561,0.0338,0.03328,0.00952,0.00032,0.03296
04/1986,3.053,1986-04-01,3.06958,-0.01658,2.39665,1.45556,0.65635,0.45093,0.59307,0.26743,0.1835
05/1986,1.147,1986-05-01,1.16379,-0.01679,1.25822,0.80009,-0.11122,-0.13902,0.37076,-0.05154,-0.08747
06/1986,2.151,1986-06-01,2.16801,-0.01701,0.87288,0.52115,1.27812,2.4525,0.06897,0.16916,2.28334
07/1986,0.482,1986-07-01,0.49922,-0.01722,0.86582,0.66268,-0.38383,-0.5792,0.11956,-0.06925,-0.50995
08/1986,0.827,1986-08-01,0.84444,-0.01744,0.6943,0.42636,0.1327,0.31124,0.19382,0.06032,0.25092
09/1986,1.134,1986-09-01,1.15165,-0.01765,0.7096,0.52468,0.4244,0.80887,0.54189,0.43832,0.37055
10/1986,0.946,1986-10-01,0.96386,-0.01786,0.81383,0.66743,0.13217,0.19803,-0.0622,-0.01232,0.21035
11/1986,1.282,1986-11-01,1.30008,-0.01808,0.95687,0.73276,0.32513,0.4437,0.44651,0.19812,0.24558
12/1986,1.468,1986-12-01,1.48629,-0.01829,1.42378,1.20142,0.04422,0.03681,0.38281,0.01409,0.02272
01/1987,2.923,1987-01-01,2.94151,-0.01851,1.32562,0.92795,1.59738,1.7214,0.25444,0.43799,1.2834
02/1987,1.032,1987-02-01,1.05072,-0.01872,1.09023,0.71671,-0.05823,-0.08124,0.25318,-0.02057,-0.06067
03/1987,1.923,1987-03-01,1.94193,-0.01893,1.8362,1.01561,0.0868,0.08547,0.00952,0.00081,0.08465
04/1987,6.027,1987-04-01,6.04615,-0.01915,2.39665,1.45556,3.63035,2.49413,0.59307,1.47918,1.01495
05/1987,1.309,1987-05-01,1.32836,-0.01936,1.25822,0.80009,0.05078,0.06346,0.37076,0.02353,0.03993
06/1987,1.43,1987-06-01,1.44958,-0.01958,0.87288,0.52115,0.55712,1.06903,0.06897,0.07374,0.99529
07/1987,0.776,1987-07-01,0.79579,-0.01979,0.86582,0.66268,-0.08983,-0.13555,0.11956,-0.01621,-0.11934
08/1987,1.048,1987-08-01,1.068,-0.02,0.6943,0.42636,0.3537,0.82958,0.19382,0.16079,0.66879
09/1987,1.026,1987-09-01,1.04622,-0.02022,0.7096,0.52468,0.3164,0.60303,0.54189,0.32677,0.27626
10/1987,0.539,1987-10-01,0.55943,-0.02043,0.81383,0.66743,-0.27483,-0.41176,-0.0622,0.02561,-0.43737
11/1987,0.988,1987-11-01,1.00865,-0.02065,0.95687,0.73276,0.03113,0.04248,0.44651,0.01897,0.02351
12/1987,2.96,1987-12-01,2.98086,-0.02086,1.42378,1.20142,1.53622,1.27868,0.38281,0.48949,0.78918
01/1988,1.156,1988-01-01,1.17707,-0.02107,1.32562,0.92795,-0.16963,-0.18279,0.25444,-0.04651,-0.13628
02/1988,1.143,1988-02-01,1.16429,-0.02129,1.09023,0.71671,0.05277,0.07363,0.25318,0.01864,0.05499
03/1988,2.025,1988-03-01,2.0465,-0.0215,1.8362,1.01561,0.1888,0.1859,0.00952,0.00177,0.18413
04/1988,5.138,1988-04-01,5.15972,-0.02172,2.39665,1.45556,2.74135,1.88337,0.59307,1.11696,0.76641
05/1988,0.825,1988-05-01,0.84693,-0.02193,1.25822,0.80009,-0.43322,-0.54147,0.37076,-0.20076,-0.34071
06/1988,0.36,1988-06-01,0.38214,-0.02214,0.87288,0.52115,-0.51288,-0.98412,0.06897,-0.06788,-0.91624
07/1988,0.349,1988-07-01,0.37136,-0.02236,0.86582,0.66268,-0.51683,-0.7799,0.11956,-0.09324,-0.68666
08/1988,0.298,1988-08-01,0.32057,-0.02257,0.6943,0.42636,-0.3963,-0.9295,0.19382,-0.18015,-0.74934
09/1988,0.389,1988-09-01,0.41179,-0.02279,0.7096,0.52468,-0.3206,-0.61103,0.54189,-0.33111,-0.27992
10/1988,0.405,1988-10-01,0.428,-0.023,0.81383,0.66743,-0.40883,-0.61253,-0.0622,0.0381,-0.65063
11/1988,0.909,1988-11-01,0.93221,-0.02321,0.95687,0.73276,-0.04787,-0.06534,0.44651,-0.02917,-0.03616
12/1988,3.354,1988-12-01,3.37743,-0.02343,1.42378,1.20142,1.93022,1.60662,0.38281,0.61504,0.99159
01/1989,2.315,1989-01-01,2.33864,-0.02364,1.32562,0.92795,0.98937,1.06619,0.25444,0.27128,0.79491
02/1989,0.769,1989-02-01,0.79285,-0.02385,1.09023,0.71671,-0.32123,-0.44819,0.25318,-0.11347,-0.33472
03/1989,1.833,1989-03-01,1.85707,-0.02407,1.8362,1.01561,-0.0032,-0.00315,0.00952,-3e-05,-0.00312
04/1989,0.471,1989-04-01,0.49528,-0.02428,2.39665,1.45556,-1.92565,-1.32296,0.59307,-0.7846,-0.53836
05/1989,0.665,1989-05-01,0.6895,-0.0245,1.25822,0.80009,-0.59322,-0.74145,0.37076,-0.2749,-0.46655
06/1989,0.276,1989-06-01,0.30071,-0.02471,0.87288,0.52115,-0.59688,-1.1453,0.06897,-0.079,-1.06631
07/1989,0.294,1989-07-01,0.31892,-0.02492,0.86582,0.66268,-0.57182,-0.8629,0.11956,-0.10316,-0.75973
08/1989,0.241,1989-08-01,0.26614,-0.02514,0.6943,0.42636,-0.4533,-1.06319,0.19382,-0.20606,-0.85712
09/1989,0.195,1989-09-01,0.22035,-0.02535,0.7096,0.52468,-0.5146,-0.98078,0.54189,-0.53147,-0.44931
10/1989,0.542,1989-10-01,0.56757,-0.02557,0.81383,0.66743,-0.27183,-0.40727,-0.0622,0.02533,-0.4326
11/1989,0.971,1989-11-01,0.99678,-0.02578,0.95687,0.73276,0.01413,0.01928,0.44651,0.00861,0.01067
12/1989,1.435,1989-12-01,1.46099,-0.02599,1.42378,1.20142,0.01122,0.00934,0.38281,0.00358,0.00577
01/1990,0.875,1990-01-01,0.90121,-0.02621,1.32562,0.92795,-0.45063,-0.48561,0.25444,-0.12356,-0.36205
02/1990,1.517,1990-02-01,1.54342,-0.02642,1.09023,0.71671,0.42677,0.59546,0.25318,0.15076,0.44471
03/1990,2.332,1990-03-01,2.35864,-0.02664,1.8362,1.01561,0.4958,0.48818,0.00952,0.00465,0.48353
04/1990,1.422,1990-04-01,1.44885,-0.02685,2.39665,1.45556,-0.97465,-0.66961,0.59307,-0.39712,-0.27249
05/1990,1.03,1990-05-01,1.05706,-0.02706,1.25822,0.80009,-0.22822,-0.28525,0.37076,-0.10576,-0.17949
06/1990,0.758,1990-06-01,0.78528,-0.02728,0.87288,0.52115,-0.11488,-0.22043,0.06897,-0.0152,-0.20522
07/1990,0.595,1990-07-01,0.62249,-0.02749,0.86582,0.66268,-0.27083,-0.40868,0.11956,-0.04886,-0.35982
08/1990,0.325,1990-08-01,0.35271,-0.02771,0.6943,0.42636,-0.3693,-0.86617,0.19382,-0.16788,-0.69829
09/1990,0.929,1990-09-01,0.95692,-0.02792,0.7096,0.52468,0.2194,0.41816,0.54189,0.22659,0.19156
10/1990,0.736,1990-10-01,0.76413,-0.02813,0.81383,0.66743,-0.07783,-0.1166,-0.0622,0.00725,-0.12386
11/1990,1.269,1990-11-01,1.29735,-0.02835,0.95687,0.73276,0.31213,0.42596,0.44651,0.19019,0.23576
12/1990,0.758,1990-12-01,0.78656,-0.02856,1.42378,1.20142,-0.66578,-0.55416,0.38281,-0.21214,-0.34202
01/1991,1.231,1991-01-01,1.25978,-0.02878,1.32562,0.92795,-0.09462,-0.10197,0.25444,-0.02595,-0.07603
02/1991,0.462,1991-02-01,0.49099,-0.02899,1.09023,0.71671,-0.62823,-0.87654,0.25318,-0.22192,-0.65462
03/1991,0.562,1991-03-01,0.5912,-0.0292,1.8362,1.01561,-1.2742,-1.25462,0.00952,-0.01194,-1.24267
04/1991,0.493,1991-04-01,0.52242,-0.02942,2.39665,1.45556,-1.90365,-1.30785,0.59307,-0.77564,-0.53221
05/1991,0.776,1991-05-01,0.80563,-0.02963,1.25822,0.80009,-0.48222,-0.60272,0.37076,-0.22346,-0.37925
06/1991,1.055,1991-06-01,1.08485,-0.02985,0.87288,0.52115,0.18212,0.34947,0.06897,0.0241,0.32536
07/1991,0.544,1991-07-01,0.57406,-0.03006,0.86582,0.66268,-0.32183,-0.48564,0.11956,-0.05806,-0.42758
08/1991,0.455,1991-08-01,0.48527,-0.03027,0.6943,0.42636,-0.2393,-0.56126,0.19382,-0.10878,-0.45248
09/1991,0.195,1991-09-01,0.22549,-0.03049,0.7096,0.52468,-0.5146,-0.98078,0.54189,-0.53147,-0.44931
10/1991,0.201,1991-10-01,0.2317,-0.0307,0.81383,0.66743,-0.61283,-0.91818,-0.0622,0.05711,-0.97529
11/1991,0.506,1991-11-01,0.53691,-0.03091,0.95687,0.73276,-0.45087,-0.61531,0.44651,-0.27474,-0.34057
12/1991,1.674,1991-12-01,1.70513,-0.03113,1.42378,1.20142,0.25022,0.20827,0.38281,0.07973,0.12854
01/1992,2.755,1992-01-01,2.78634,-0.03134,1.32562,0.92795,1.42937,1.54035,0.25444,0.39193,1.14842
02/1992,2.52,1992-02-01,2.55156,-0.03156,1.09023,0.71671,1.42977,1.99491,0.25318,0.50506,1.48985
03/1992,3.814,1992-03-01,3.84577,-0.03177,1.8362,1.01561,1.9778,1.9474,0.00952,0.01854,1.92886
04/1992,2.032,1992-04-01,2.06398,-0.03198,2.39665,1.45556,-0.36465,-0.25052,0.59307,-0.14858,-0.10195
05/1992,1.223,1992-05-01,1.2552,-0.0322,1.25822,0.80009,-0.03522,-0.04403,0.37076,-0.01632,-0.0277
06/1992,0.312,1992-06-01,0.34441,-0.03241,0.87288,0.52115,-0.56088,-1.07622,0.06897,-0.07423,-1.00199
07/1992,0.455,1992-07-01,0.48763,-0.03263,0.86582,0.66268,-0.41083,-0.61994,0.11956,-0.07412,-0.54583
08/1992,0.321,1992-08-01,0.35384,-0.03284,0.6943,0.42636,-0.3733,-0.87555,0.19382,-0.1697,-0.70585
09/1992,0.298,1992-09-01,0.33105,-0.03305,0.7096,0.52468,-0.4116,-0.78447,0.54189,-0.4251,-0.35938
10/1992,0.354,1992-10-01,0.38727,-0.03327,0.81383,0.66743,-0.45983,-0.68895,-0.0622,0.04285,-0.7318
11/1992,1.24,1992-11-01,1.27348,-0.03348,0.95687,0.73276,0.28313,0.38638,0.44651,0.17252,0.21386
12/1992,0.657,1992-12-01,0.6907,-0.0337,1.42378,1.20142,-0.76678,-0.63823,0.38281,-0.24432,-0.3939
01/1993,1.061,1993-01-01,1.09491,-0.03391,1.32562,0.92795,-0.26463,-0.28517,0.25444,-0.07256,-0.21261
02/1993,0.825,1993-02-01,0.85912,-0.03412,1.09023,0.71671,-0.26523,-0.37006,0.25318,-0.09369,-0.27637
03/1993,1.395,1993-03-01,1.42934,-0.03434,1.8362,1.01561,-0.4412,-0.43442,0.00952,-0.00414,-0.43028
04/1993,0.391,1993-04-01,0.42555,-0.03455,2.39665,1.45556,-2.00565,-1.37793,0.59307,-0.8172,-0.56073
05/1993,0.422,1993-05-01,0.45677,-0.03477,1.25822,0.80009,-0.83622,-1.04517,0.37076,-0.38751,-0.65766
06/1993,0.599,1993-06-01,0.63398,-0.03498,0.87288,0.52115,-0.27388,-0.52552,0.06897,-0.03625,-0.48927
07/1993,0.906,1993-07-01,0.94119,-0.03519,0.86582,0.66268,0.04017,0.06062,0.11956,0.00725,0.05338
08/1993,0.745,1993-08-01,0.78041,-0.03541,0.6943,0.42636,0.0507,0.11891,0.19382,0.02305,0.09587
09/1993,0.568,1993-09-01,0.60362,-0.03562,0.7096,0.52468,-0.1416,-0.26988,0.54189,-0.14624,-0.12363
10/1993,0.436,1993-10-01,0.47184,-0.03584,0.81383,0.66743,-0.37783,-0.56609,-0.0622,0.03521,-0.6013
11/1993,0.402,1993-11-01,0.43805,-0.03605,0.95687,0.73276,-0.55487,-0.75724,0.44651,-0.33812,-0.41913
12/1993,2.328,1993-12-01,2.36426,-0.03626,1.42378,1.20142,0.90422,0.75263,0.38281,0.28812,0.46451
01/1994,1.587,1994-01-01,1.62348,-0.03648,1.32562,0.92795,0.26137,0.28167,0.25444,0.07167,0.21
02/1994,0.831,1994-02-01,0.86769,-0.03669,1.09023,0.71671,-0.25923,-0.36169,0.25318,-0.09157,-0.27012
03/1994,1.176,1994-03-01,1.21291,-0.03691,1.8362,1.01561,-0.6602,-0.65005,0.00952,-0.00619,-0.64386
04/1994,1.097,1994-04-01,1.13412,-0.03712,2.39665,1.45556,-1.29965,-0.89289,0.59307,-0.52954,-0.36335
05/1994,0.798,1994-05-01,0.83533,-0.03733,1.25822,0.80009,-0.46022,-0.57522,0.37076,-0.21327,-0.36195
06/1994,0.677,1994-06-01,0.71455,-0.03755,0.87288,0.52115,-0.19588,-0.37585,0.06897,-0.02592,-0.34993
07/1994,1.178,1994-07-01,1.21576,-0.03776,0.86582,0.66268,0.31217,0.47108,0.11956,0.05632,0.41476
08/1994,1.17,1994-08-01,1.20798,-0.03798,0.6943,0.42636,0.4757,1.11573,0.19382,0.21625,0.89948
09/1994,0.847,1994-09-01,0.88519,-0.03819,0.7096,0.52468,0.1374,0.26187,0.54189,0.14191,0.11997
10/1994,0.663,1994-10-01,0.7014,-0.0384,0.81383,0.66743,-0.15083,-0.22598,-0.0622,0.01406,-0.24003
11/1994,0.887,1994-11-01,0.92562,-0.03862,0.95687,0.73276,-0.06987,-0.09536,0.44651,-0.04258,-0.05278
12/1994,1.837,1994-12-01,1.87583,-0.03883,1.42378,1.20142,0.41322,0.34395,0.38281,0.13167,0.21228
01/1995,2.14,1995-01-01,2.17904,-0.03904,1.32562,0.92795,0.81438,0.8776,0.25444,0.2233,0.65431
02/1995,2.191,1995-02-01,2.23026,-0.03926,1.09023,0.71671,1.10077,1.53587,0.25318,0.38885,1.14702
03/1995,1.013,1995-03-01,1.05247,-0.03947,1.8362,1.01561,-0.8232,-0.81055,0.00952,-0.00772,-0.80283
04/1995,3.553,1995-04-01,3.59269,-0.03969,2.39665,1.45556,1.15635,0.79444,0.59307,0.47115,0.32328
05/1995,0.805,1995-05-01,0.8449,-0.0399,1.25822,0.80009,-0.45322,-0.56647,0.37076,-0.21003,-0.35644
06/1995,0.867,1995-06-01,0.90711,-0.04011,0.87288,0.52115,-0.00588,-0.01127,0.06897,-0.00078,-0.0105
07/1995,0.557,1995-07-01,0.59733,-0.04033,0.86582,0.66268,-0.30882,-0.46602,0.11956,-0.05572,-0.41031
08/1995,0.332,1995-08-01,0.37254,-0.04054,0.6943,0.42636,-0.3623,-0.84975,0.19382,-0.1647,-0.68506
09/1995,2.527,1995-09-01,2.56776,-0.04076,0.7096,0.52468,1.8174,3.4638,0.54189,1.87699,1.58681
10/1995,1.01,1995-10-01,1.05097,-0.04097,0.81383,0.66743,0.19617,0.29392,-0.0622,-0.01828,0.31221
11/1995,2.288,1995-11-01,2.32918,-0.04118,0.95687,0.73276,1.33112,1.81659,0.44651,0.81113,1.00547
12/1995,1.048,1995-12-01,1.0894,-0.0414,1.42378,1.20142,-0.37578,-0.31278,0.38281,-0.11974,-0.19304
01/1996,0.641,1996-01-01,0.68261,-0.04161,1.32562,0.92795,-0.68462,-0.73778,0.25444,-0.18772,-0.55006
02/1996,0.212,1996-02-01,0.25383,-0.04183,1.09023,0.71671,-0.87823,-1.22535,0.25318,-0.31023,-0.91512
03/1996,0.4,1996-03-01,0.44204,-0.04204,1.8362,1.01561,-1.4362,-1.41413,0.00952,-0.01346,-1.40066
04/1996,1.156,1996-04-01,1.19825,-0.04225,2.39665,1.45556,-1.24065,-0.85235,0.59307,-0.5055,-0.34685
05/1996,0.862,1996-05-01,0.90447,-0.04247,1.25822,0.80009,-0.39622,-0.49523,0.37076,-0.18361,-0.31162
06/1996,0.692,1996-06-01,0.73468,-0.04268,0.87288,0.52115,-0.18088,-0.34707,0.06897,-0.02394,-0.32313
07/1996,2.35,1996-07-01,2.3929,-0.0429,0.86582,0.66268,1.48418,2.23965,0.11956,0.26776,1.97189
08/1996,0.511,1996-08-01,0.55411,-0.04311,0.6943,0.42636,-0.1833,-0.42992,0.19382,-0.08333,-0.34659
09/1996,1.039,1996-09-01,1.08232,-0.04332,0.7096,0.52468,0.3294,0.62781,0.54189,0.3402,0.28761
10/1996,1.596,1996-10-01,1.63954,-0.04354,0.81383,0.66743,0.78217,1.17192,-0.0622,-0.07289,1.24481
11/1996,1.165,1996-11-01,1.20875,-0.04375,0.95687,0.73276,0.20813,0.28403,0.44651,0.12682,0.15721
12/1996,0.714,1996-12-01,0.75797,-0.04397,1.42378,1.20142,-0.70978,-0.59078,0.38281,-0.22616,-0.36462
01/1997,0.447,1997-01-01,0.49118,-0.04418,1.32562,0.92795,-0.87862,-0.94684,0.25444,-0.24092,-0.70593
02/1997,1.583,1997-02-01,1.62739,-0.04439,1.09023,0.71671,0.49277,0.68755,0.25318,0.17407,0.51348
03/1997,2.381,1997-03-01,2.42561,-0.04461,1.8362,1.01561,0.5448,0.53643,0.00952,0.00511,0.53132
04/1997,1.419,1997-04-01,1.46382,-0.04482,2.39665,1.45556,-0.97765,-0.67167,0.59307,-0.39834,-0.27332
05/1997,0.685,1997-05-01,0.73004,-0.04504,1.25822,0.80009,-0.57322,-0.71645,0.37076,-0.26563,-0.45082
06/1997,0.298,1997-06-01,0.34325,-0.04525,0.87288,0.52115,-0.57488,-1.10309,0.06897,-0.07608,-1.027
07/1997,0.356,1997-07-01,0.40146,-0.04546,0.86582,0.66268,-0.50983,-0.76934,0.11956,-0.09198,-0.67736
08/1997,0.422,1997-08-01,0.46768,-0.04568,0.6943,0.42636,-0.2723,-0.63866,0.19382,-0.12378,-0.51488
09/1997,0.296,1997-09-01,0.34189,-0.04589,0.7096,0.52468,-0.4136,-0.78828,0.54189,-0.42716,-0.36112
10/1997,0.427,1997-10-01,0.47311,-0.04611,0.81383,0.66743,-0.38683,-0.57957,-0.0622,0.03605,-0.61562
11/1997,0.369,1997-11-01,0.41532,-0.04632,0.95687,0.73276,-0.58787,-0.80228,0.44651,-0.35822,-0.44405
12/1997,1.455,1997-12-01,1.50153,-0.04653,1.42378,1.20142,0.03122,0.02599,0.38281,0.00995,0.01604
01/1998,1.052,1998-01-01,1.09875,-0.04675,1.32562,0.92795,-0.27362,-0.29487,0.25444,-0.07503,-0.21984
02/1998,0.836,1998-02-01,0.88296,-0.04696,1.09023,0.71671,-0.25423,-0.35471,0.25318,-0.0898,-0.26491
03/1998,2.646,1998-03-01,2.69317,-0.04717,1.8362,1.01561,0.8098,0.79735,0.00952,0.00759,0.78976
04/1998,0.69,1998-04-01,0.73739,-0.04739,2.39665,1.45556,-1.70665,-1.17251,0.59307,-0.69537,-0.47713
05/1998,0.349,1998-05-01,0.3966,-0.0476,1.25822,0.80009,-0.90922,-1.13641,0.37076,-0.42134,-0.71507
06/1998,0.371,1998-06-01,0.41882,-0.04782,0.87288,0.52115,-0.50188,-0.96301,0.06897,-0.06642,-0.89659
07/1998,0.61,1998-07-01,0.65803,-0.04803,0.86582,0.66268,-0.25583,-0.38605,0.11956,-0.04615,-0.33989
08/1998,0.464,1998-08-01,0.51224,-0.04824,0.6943,0.42636,-0.2303,-0.54015,0.19382,-0.10469,-0.43546
09/1998,1.782,1998-09-01,1.83046,-0.04846,0.7096,0.52468,1.0724,2.0439,0.54189,1.10756,0.93633
10/1998,1.729,1998-10-01,1.77767,-0.04867,0.81383,0.66743,0.91517,1.37119,-0.0622,-0.08528,1.45647
11/1998,2.357,1998-11-01,2.40589,-0.04889,0.95687,0.73276,1.40013,1.91076,0.44651,0.85317,1.05759
12/1998,1.457,1998-12-01,1.5061,-0.0491,1.42378,1.20142,0.03322,0.02765,0.38281,0.01059,0.01707
01/1999,1.254,1999-01-01,1.30331,-0.04931,1.32562,0.92795,-0.07163,-0.07719,0.25444,-0.01964,-0.05755
02/1999,1.521,1999-02-01,1.57053,-0.04953,1.09023,0.71671,0.43077,0.60104,0.25318,0.15217,0.44887
03/1999,3.241,1999-03-01,3.29074,-0.04974,1.8362,1.01561,1.4048,1.38321,0.00952,0.01317,1.37004
04/1999,1.247,1999-04-01,1.29696,-0.04996,2.39665,1.45556,-1.14965,-0.78984,0.59307,-0.46842,-0.32141
05/1999,0.641,1999-05-01,0.69117,-0.05017,1.25822,0.80009,-0.61722,-0.77145,0.37076,-0.28602,-0.48542
06/1999,0.451,1999-06-01,0.50138,-0.05038,0.87288,0.52115,-0.42188,-0.80951,0.06897,-0.05584,-0.75367
07/1999,0.533,1999-07-01,0.5836,-0.0506,0.86582,0.66268,-0.33283,-0.50224,0.11956,-0.06005,-0.44219
08/1999,0.254,1999-08-01,0.30481,-0.05081,0.6943,0.42636,-0.4403,-1.0327,0.19382,-0.20015,-0.83254
09/1999,0.161,1999-09-01,0.21203,-0.05103,0.7096,0.52468,-0.5486,-1.04558,0.54189,-0.56659,-0.47899
10/1999,0.252,1999-10-01,0.30324,-0.05124,0.81383,0.66743,-0.56183,-0.84177,-0.0622,0.05236,-0.89413
