Monat,G001_m3s,G002_m3s,G003_m3s,G004_m3s,G005_m3s,G006_m3s,G007_m3s,G008_m3s,G009_m3s,G010_m3s
11/1959,0.9041048918307334,1.6641558442479853,0.5500077093009441,0.8626673492273563,1.927760343866618,0.5401875688253084,0.915030244643341,0.8278380884916534,0.3952685181054868,-0.22751666658428116
12/1959,0.5774359429166914,1.608501348649221,0.29973565500846944,3.3100784963765917,3.0718750379735624,1.0768804132425605,0.5412988188639674,1.2140200820590854,0.34622791703294087,-0.2274584867677557
01/1960,1.643054617798907,1.4757487210042974,1.666720337639557,0.9739495992558235,0.814700972014404,0.6505201267924842,1.5024696220703948,0.21473001480907827,1.3918535805246672,0.24192676832173743
02/1960,0.49587545779421527,2.172858432562707,1.9830022610185847,0.7735348171251797,0.7484831389622978,1.2003412721080855,1.766697608572171,1.5071285389171063,1.1428584310290828,1.4526821937811194
03/1960,1.1905377905956631,2.510930384485068,1.5004677234996784,3.8140746143400652,2.736209213610703,1.1781035284953383,1.5787951719949858,0.9869216469132702,0.3010282424733661,0.4374119805042127
04/1960,1.8541170961646034,4.314239437077797,2.6254896927788667,4.536616633278911,1.3906887525924687,2.5348775119375477,3.212767256457079,2.230323903440041,2.0514257365169595,1.3433531415024558
05/1960,0.5295585672225378,1.9292571247103518,0.7014120706373099,1.3367103864070784,2.4970738272309294,1.0480550091768581,1.5515433712096474,0.5404053652795465,1.5452043781736144,0.5425671757625452
06/1960,0.8903047381872304,-0.3786807314103766,1.4058077995531955,1.2284349559992145,-0.06848247239098582,0.6931164829100955,1.8193730192625877,0.19351426566738217,-0.08189690630998925,1.8431514943605511
07/1960,0.5335935462421854,-0.2185155100028564,0.5740735256546177,0.36980036903683733,0.0170343053776848,1.8498246354994565,0.13631356596005517,1.1656551449419421,1.1758387270774233,0.933060729905339
08/1960,0.052234502838189534,1.0619435235556316,0.5442035646313217,0.666282676679592,0.18279763628493134,1.0903580548555072,0.863666464918562,0.5133861069693475,0.6863960847526367,0.5717229900768265
09/1960,0.3470620182423274,0.6964984030596786,0.2180304450864759,1.1087906427229122,1.2713353841922066,0.4837817012866877,1.8004058034208006,0.9460232402542191,1.33432665072297,0.30355486395901893
10/1960,-0.056301118332550804,0.3008829018520425,0.2973779630202336,2.3730149537659817,0.6834393541662617,0.47310247163535435,1.634695271605967,1.2729442429626339,0.9713826529156628,-0.038839259114010205
11/1960,1.0385522382454984,0.7224783951504891,1.872553491219418,1.9178425261390812,2.1904319190754054,1.4373511215063182,1.039720672957727,1.894313279903682,1.3648005665439356,0.6632694118679681
12/1960,1.2234797579760057,0.768321078530631,1.5246394791356654,1.6018798854774552,2.1006217357086303,2.718386626071572,0.9092383288670602,1.2839994026552843,1.3510360490019953,0.795183690687745
01/1961,1.4680096697930047,0.9604711629821627,0.6124465223827734,2.2409742758260585,2.584125703393365,1.4066118392787408,1.0969518042145414,0.9165023765195359,1.6827698120466321,1.6749898714795095
02/1961,1.5037333643075743,0.9783423005684714,1.0826225657143962,0.9960600339299113,2.3225488882313217,0.055594724627366476,1.0090099217650648,0.9721357925012243,1.5814419762000036,0.8332449605586807
03/1961,1.312176268314543,1.5035938070303392,2.516755439541294,1.1252446831728165,0.9073138213933885,1.59970162688358,3.852473521207976,2.0919308044882627,1.2679976269360185,0.09800682034954233
04/1961,3.2727323619566278,3.6832284988773982,3.497700084360886,-1.476468940490148,1.4091296830742248,4.9824589176051965,2.2050375299364218,2.197317793886264,1.724552771531906,4.026823082891294
05/1961,1.09661939388951,1.0903314067507934,1.1972838359728009,-0.5983718870639564,1.52604007792376,2.8480368387067587,4.441211169327797,0.5628467255152052,0.8124233663249643,2.2475884647068063
06/1961,0.6999935513278828,2.375623167076794,1.4086388111925807,1.1408525433978642,0.9967109733348816,0.9627186445000335,0.952287431288888,1.0663446132993806,0.691228368942904,1.3838531332870263
07/1961,0.8726312643149059,0.5385999496002871,0.8650983942614973,1.2675744768374135,1.2944960109898092,0.17928081343292057,0.6537801599082459,-0.041708102519223855,0.19504544485024866,0.18204535416698608
08/1961,1.3756943198550202,1.0758314965881481,0.1345842459084633,0.8862457560671602,0.4122947196188244,0.5743283187946927,0.6901663749130987,-0.011975334458312892,0.45188108920382525,0.7433969348221271
09/1961,1.3630400283726092,-0.02299575275226584,1.102575799247866,1.242050803487495,1.0454477436930074,0.485740298048549,0.2607029894908375,0.5087986817148171,0.4680454699021561,0.34737092965931793
10/1961,1.4223500240029354,-0.3599842567863226,0.7905747240126421,1.189776818371451,1.449119243194398,-0.025951281512975988,0.3558387934258373,0.06447797876559958,1.5203534697233252,0.7624077051781626
11/1961,0.5403655634945308,-0.25526776616643043,2.0683437835635528,0.7829649912942381,1.360991275211173,0.41332888074632124,2.1930071044631347,1.959379681730693,1.0472234757783918,0.6662686628302377
12/1961,0.8923526937298463,0.2522902456794032,1.5996799414779201,1.048096706717079,1.0684772586894993,0.18522525502077403,1.6255966852564159,1.399547933819275,0.9099709059460447,2.685245203439112
01/1962,-0.03478499127710277,-0.19169637280873242,1.9666819096085948,0.1082019962708376,1.4767730685054683,3.242685971679923,0.42387094340650566,0.8168625312886576,0.7658231647427133,1.0647199424001816
02/1962,1.214637227744244,1.8611793833180523,2.2697376932331084,2.4638989904249375,1.7717815607428413,0.2750692556360492,1.7314954096068762,1.7160083049473887,0.7428736873145254,0.8652330437109289
03/1962,1.4104259423832932,1.4531536694838663,2.178209972357469,2.403127096025981,2.249316822901292,2.545456836958847,0.6582983862590874,0.7851600136188466,1.7037440679040963,0.24304294972370544
04/1962,2.311695630182855,-0.16982994515819527,2.5904479273470504,0.02755762496477132,3.7722988767229397,0.8678243012281754,0.39267015141368544,1.845091547238586,3.075497779619556,3.7627144047358296
05/1962,0.7829621764505652,0.83077824691146,1.5451909877501735,-0.11193230416430544,1.4171841230957312,0.6085866969380949,1.022336328163916,0.40507712066533397,2.8958300426695356,1.0642199646591806
06/1962,0.7385774679915185,0.0433425377755593,0.6856333473548193,0.037484838813143295,0.5948621118067454,0.5519249518116079,0.8374595139556005,0.3972302979435129,1.0688319443844956,0.7586323189186887
07/1962,0.43500183847006135,-0.1598467643411413,0.04266160508579164,1.017766077611296,2.1752190906901507,0.8003933049650085,1.686153696224795,1.3589585320879949,0.5210657266996442,1.2765131009661206
08/1962,1.298720401486729,1.5264005741917157,-0.014195510297556502,0.46388708502443055,1.14821181583675,0.446480424190872,0.87886339533844,0.6308219128554274,0.3327060183040063,1.1916820009995637
09/1962,1.437377107580685,1.06627101244049,0.6563094820341813,1.3076911204831476,0.6803088049226753,-0.015065649221058797,0.9809708532553677,1.3029606999214298,1.1383358736374256,0.7612562045288701
10/1962,0.874686169817122,0.6796735356165469,0.42326659643199555,1.022221658780675,0.36111031834643015,0.6433869271561554,0.5331950932694993,1.1448743945917947,0.8227549583076168,0.5539496885962996
11/1962,0.878184647097426,0.9316537145752741,1.8649600269229039,0.7317443046874422,0.8916836287542337,1.0063364919686117,2.078109517241953,1.2508415358320861,0.5313817755634518,1.6004722717912845
12/1962,1.7747125701532798,0.7269536971376112,1.900812025620143,0.6628263702683432,1.2121587925923918,3.276195835317493,1.4712806836537806,2.9473775121926034,0.2579973361505463,1.423761706364368
01/1963,1.6978557698590577,0.3384433938249435,-0.1336752899208411,0.2525564431054561,1.0834087562824266,0.8422369286318954,1.6200343527775958,1.3569240941493474,-0.27313551591664975,1.8861078691986144
02/1963,0.003014199676806051,-0.05167459009025743,0.88149738092825,0.851940884439365,0.7597456143142839,0.5055461178738261,1.1750749748736464,1.3746411512884058,1.0775290608941697,0.876239858746566
03/1963,-0.28843437728640176,1.5191876937526179,1.1103723837440849,1.6496454638271796,0.8660284831980025,2.2434791041840145,0.8060837137875814,1.9120935448324805,0.7017549005763148,1.8476349734942028
04/1963,4.652768332100932,3.091056856159545,2.8828348861170547,3.2098983694182683,0.4499843950583453,2.2041346416011054,4.30129728673755,2.1410213409318075,4.719443826566161,0.8500998727699101
05/1963,2.8647446379963677,1.2454902797529248,1.122626279305682,1.3544440698394915,-0.06913951465267476,0.9631348866811728,1.6758276367565772,1.7085745795133935,1.4113996254268282,0.5040782648090083
06/1963,0.7225430792036358,0.3875203019397409,1.1549864965751333,0.7001823408555643,0.10972657697022375,0.6511472025407318,1.2074569948355145,1.1733338253224985,-0.4647012188346624,0.8988537506368869
07/1963,0.9753698678294641,0.21601967753970275,1.8873267327887944,1.0034647852847822,0.8390171308792136,0.20130512666378897,1.2490485453316351,0.44689989365662586,0.5257465440135463,0.2754488842152426
08/1963,-0.042176384964061175,0.5985741486694177,0.5832020606595841,1.543469962564353,0.1564992058568404,0.857142997348714,0.8758328991319586,0.2725551111450015,0.34237789767541743,0.19159052429369172
09/1963,-0.12317763149397043,0.7521346008838905,-0.440638051787987,0.7747440552764735,1.6998064053078046,0.09864807630908157,2.067063894123235,1.0046140271174009,0.6286614309477925,0.006728278865359205
10/1963,0.04417124383570742,1.0071326657717665,-0.011782252503847571,0.8333312250648832,1.000883598842239,-0.22795706301717722,1.7905069883897853,1.1567878962824354,1.042468456390883,-0.01533861533379216
11/1963,0.6678271538488655,-0.08802864994578785,0.6782103934453918,1.7320999537897173,0.1507122342578111,0.7492558694128526,0.9796778703135529,1.231271562580347,2.071909258924247,1.1247167526615076
12/1963,0.6588412441185753,0.4392601970244254,2.141561435382746,1.6339715321280055,0.02798478731484111,0.7803668128025392,1.8289863566170441,2.6931594870515125,1.4394679263146828,1.5781735089041646
01/1964,0.7231322152318197,1.046325167035276,1.702872815947216,2.5594239844399542,0.7522378998414344,0.597580525128703,1.3526303559640265,3.754064608843858,1.5691383884112804,2.8449243531399047
02/1964,0.4360835405877783,0.942288192221723,1.7590888663382118,0.6394997503533015,1.7986710476333934,1.2613640759148605,0.7375141155671584,0.7912072308004789,0.5782466437629331,0.8819452669747508
03/1964,2.4290447080229822,2.090974827017491,3.1413707164974065,2.4857213330917123,1.0884899610461674,3.0566796789089756,1.8074760353997066,0.24767946061247725,0.7386246537504957,1.421303434353356
04/1964,3.0859141974959954,-0.4261782932146181,2.3697885761828394,2.17182755456846,0.6881157149028272,1.2653576659607884,3.617732724580973,1.3287076964396698,2.4784832607221055,1.8107388932451374
05/1964,1.014133985421002,0.1001529059755189,1.6939196253384892,1.6065820622182136,0.7235452889420949,2.171697286759443,1.8550123953668476,2.069993695886385,2.7345074541069554,1.5020599735563556
06/1964,0.6737817842195065,-0.02617808814062783,1.910333491984174,0.6923325059182186,0.8106179226926088,1.6698269410600959,1.025225227399914,1.2774779273497803,0.4220921738779335,0.751855026827811
07/1964,0.8008878280434238,1.1373083565108328,1.5429129959591716,0.8276184700119706,0.5392743738731685,0.3064159216166128,0.8633438825140454,1.0550530453043938,1.293938647763709,1.7642271665733902
08/1964,0.8990008489724772,0.9434282927334372,0.9173555767960042,0.5333995051651514,0.1950657391281262,0.3747095411647552,0.6591511453553907,0.0265311828116227,0.7125222554796079,0.8211291494840786
09/1964,1.1936668538129513,0.9454836464515791,1.1744297354441162,0.13159955214941743,0.39088219614620656,0.7430696710167535,0.9040035187684701,0.155247619419086,0.2772028138790702,0.861279983275905
10/1964,0.8599482890442262,2.74816950717271,0.39981033928950394,-0.0849530525754924,0.7942548320884486,0.5134982272667393,1.60818391221921,-0.04661824351428001,0.16299057844376008,0.7205351069328453
11/1964,1.2615668570073377,1.429704733844541,0.08784770616526971,2.139895039516787,0.5860908932746154,1.6844961825608809,1.779233945020692,1.0585575626236656,0.6126282725290875,0.9590555856503434
12/1964,0.9036376729496843,1.1594825633668937,0.5393641046517726,1.8102310383932636,0.5892385876305277,1.2141672268467043,1.1719467480562318,0.8579586977532542,0.47180224672718507,0.5954188355899971
01/1965,0.5917110746905031,0.9683789393446418,1.9242151456697287,4.300828781769768,-0.6560303096929994,-0.6355324636507338,1.0664876605611777,0.7766757446748236,1.961178073311736,0.16363115052274502
02/1965,0.6141072275433864,-0.4096025260653169,1.9305948896132508,2.318707852744874,0.9653793555769561,-0.5212256055669422,-0.004071496578167855,1.1464913755042851,1.3077531542889347,1.3827712104728227
03/1965,2.457316341893457,-0.054662054413821215,2.802229367413391,4.477517499950674,1.475029887950185,0.7782857748673035,2.4221296828932424,2.037294539486112,3.290088948997056,1.004819677937188
04/1965,2.5774315488733937,2.972074730583815,-0.5328934870040865,1.7018121235470698,1.9794841261778195,2.8224050000470244,-0.30774421811599906,2.8768794015996977,1.5848033630139113,1.8280621882821464
05/1965,0.9896634817053636,2.3024593166174814,-0.21880907791266635,0.36805683598360694,0.9470559890573701,1.4346337227750503,-0.04846030064520762,1.1908375892405276,1.0489140698856272,0.4472650709689102
06/1965,0.2939804099415556,1.1315797140743575,0.4312545595162937,1.4222998161911258,0.45019256387015555,1.118885109298706,-0.3165077447757728,0.1327713220756941,1.3515503927084174,1.5898836557075315
07/1965,0.8818818808125385,1.1863336619720362,0.31146928754266545,0.5072021966170756,0.42299929529130426,0.32796468340208385,1.195856995578381,0.09868717114339032,0.31771204037256295,1.3648319494075243
08/1965,1.3227930738420968,0.6082197371047401,0.7958405298340174,0.3673300923427357,0.551591195255709,0.2289367197568179,0.5734400811857301,0.2969618912257447,0.7500601452859799,0.4785609412739104
09/1965,0.7503857833257171,0.48126871461288684,0.4490832708253385,1.8154089759799086,0.41607066129596243,0.6821257956431892,0.46428529535973817,0.463641561314891,0.21643426382976239,0.15953508621794893
10/1965,2.3266983951986964,0.11983802152589806,0.7602872059699928,2.694229719392756,0.10753716501690547,0.6990581952481443,0.9886174942563752,0.7333600592171108,0.37280292007928306,1.3209391277689801
11/1965,0.2527961471182246,1.4910673515015562,1.1445356348717788,0.500810836477336,-0.2912932640652275,1.6223577728785827,1.1337033692577465,0.3858593060007599,1.004055727867087,0.6615169468444907
12/1965,0.9698535368834986,1.3416869150345783,0.6829574033622903,0.2635819457212617,-0.2729851139431908,1.914424286630682,0.9860260072655191,1.290745770896464,0.9307385492620821,0.36147728387684197
01/1966,0.9029426572982235,2.847497838609403,1.89227540850194,-0.48457390786110166,-0.5265556913525782,1.1190686724623218,1.8327738159597895,0.36625252190172586,0.3881612817776191,1.728086607809717
02/1966,2.299938207527144,1.921080332010696,1.3242214076924348,-0.10786579927551898,-0.6772710004365301,0.250371629417671,0.9638019819121572,0.024063187379917195,1.0870479933634385,-0.20552865148615274
03/1966,2.2548552903432446,1.8769522470644953,3.343729381189238,2.6895819900416367,-0.6523753223704194,2.004163177801792,4.796215062613728,2.201941617927708,2.901127573974919,-0.3875404012147934
04/1966,1.778637216047089,3.20919253993203,4.359071750181655,0.4487516612281257,2.0245178552974843,2.498421162499307,5.088725566160347,2.972304535585369,1.7287139064417063,2.544406693986075
05/1966,0.834308913904229,1.2602766452840466,1.5275366335970448,0.14088308690016238,0.4350031557455729,0.9509887832912824,1.5959661960104308,1.1944419040292642,0.34781069459227554,0.9308039512077827
06/1966,1.926316926688692,0.5872580886647429,0.8038642587408292,1.2240941723870882,0.7627321820295858,1.0955818809018814,0.40710614263506084,0.5677139739826065,-0.34120341177085245,0.5704245569316454
07/1966,0.42595707254071724,0.22609710286983542,0.8971448095352234,1.2165713844689525,0.6641564557711548,0.14997999182746757,1.4561006491104713,0.07908397058850969,1.2233673544156873,1.1958535430669002
08/1966,1.0229677953447367,0.6304064893241127,0.43721561778022716,0.31272610222991143,0.6426070661398176,0.6470066839903661,0.48234658830362703,0.5867114501046491,0.7313922168089985,0.9391892344263035
09/1966,-0.20364353537946756,0.8514064772318377,-0.41109762064362587,-0.22415709704041842,0.8472521598461211,0.5649361081359419,-0.2219881584804938,0.21540937754402456,0.79934942382531,0.7317094144950521
10/1966,0.6950396500351407,0.38707963080625307,-0.21335680803127965,0.9807515291726738,1.0094079610059405,0.7727519172808899,0.06933202033894227,1.905620629451668,0.9116134831209504,0.09451466139924314
11/1966,0.8711038681830079,0.3445476666468449,0.8695585693907454,0.9220501787423944,0.37153571378867833,1.343020746297499,2.547281169255738,0.5447059742217757,1.137799859545789,1.4022121565125178
12/1966,0.509015011990994,1.021214554267725,1.9178298719495404,1.1328857234601233,0.36630271940701964,1.0384463579124261,2.5451206223921883,1.5397298620425286,1.6485494806634822,1.9708608862146282
01/1967,1.6553699160118087,0.5673382178162212,0.8044412056558976,1.18543503124949,1.9142079640950564,1.7065725144222115,1.252637821930371,0.806606570599471,0.5465841815459139,1.1507138956673868
02/1967,0.7537095410681467,0.9503579819281742,2.3816291774983718,1.1741846751550549,0.3814301195678569,1.18763219973954,0.7885510450173151,0.8219559006660592,2.3912245931629204,0.3934698659547694
03/1967,2.569729501564552,2.414936388343241,5.630808603755332,2.7566267119228764,0.0795226399681257,0.9036544357647917,1.2391757313346465,0.9795752734236941,0.6746213445452944,0.05982935089656327
04/1967,3.4569222531883357,1.2941339860523888,1.0546618876911582,2.832854477029258,1.3483101911898747,3.1395879125204242,1.3788204307231997,0.2080443747696843,2.536006308698272,2.138027292885437
05/1967,1.6271557222933257,0.16797558161486625,1.0353175073616896,1.2061986165256782,0.1939526120548175,1.8362870620717953,1.8457733731782793,0.9410719608406743,0.8771250847793274,0.8758648613622614
06/1967,0.3543565391370809,0.5011638655030635,1.3414261450361056,0.633908683395852,1.162260353370498,0.11666527955578121,1.003964534736847,0.6268553275972586,0.6871639771360559,0.6208425465503555
07/1967,1.0336016090103366,1.3613128582233789,0.6553452014732823,0.15084932142442742,0.6444009417727762,0.3321790453252827,1.2427489739475626,0.7138962243205653,0.7782934758409803,0.2618316871936496
08/1967,0.04028044795849384,-0.3485734255553291,1.128209815059205,0.7241246421185044,0.4256230716074715,1.5288300141189222,-0.15044461149435273,0.4534628847005714,0.9493779387675363,1.0261754415844773
09/1967,0.20424116879829457,0.6951380725819447,0.639778623449115,0.2960217058554113,-0.31612415293532803,0.5239713867558305,0.16638896524576835,0.46512087408890657,0.41919225300012797,0.40239473866341263
10/1967,0.43404321865298134,0.3975095021906742,0.5597081918645375,1.6534866847134315,0.03331482378540804,0.6175987637466452,-0.2021909064290348,0.9596357615211142,0.3435100706124834,0.6579010048874183
11/1967,1.2579718969251918,0.4940886054551863,0.5741155509929639,0.6613979063514435,2.1637379147985145,2.210100397908957,0.7457218051040377,0.6944437841606546,0.8545345192915537,0.11506796576762457
12/1967,1.208017014829805,2.580061815877556,5.471352534652872,0.7907379531436516,1.4641633266038419,2.398069149922752,0.47670747390440116,2.2822445902089545,1.9159945766000583,0.041184807242753974
01/1968,0.5102727524902564,3.1158167465644357,0.9354827209487748,0.9629236173700623,1.175412488675412,1.1348357931349036,0.9715491929014541,1.770970028236593,1.6166467878813098,2.147050653645838
02/1968,1.2003422406384179,0.0978115747872903,0.40868783773269846,-0.6028536365365649,1.8197654170020787,0.15412232498946388,2.563103838999263,0.07204200694199248,0.8728124788096192,0.5893523440819624
03/1968,1.7224861352242244,1.2813729385790138,2.195692179170405,0.17783788256982347,4.902741630138433,0.6503161750223366,1.0490294215084568,-0.42816770533655557,1.5322493619706161,0.8863322658042262
04/1968,2.6897517587195208,2.6406236606614164,2.7322009037204125,2.7583506677960146,3.1864454663069397,-0.7596884632219458,1.4916708414121702,4.021064519588239,3.487846163978216,1.804316621650567
05/1968,1.7083197399479815,0.6182373225312828,1.5059011525601023,1.4321722834976873,1.6570347825350733,-0.021209131635668538,0.8975093941659286,1.3084674803523275,2.2994325644411373,1.371895971326415
06/1968,0.9914674205886094,1.1114226476132552,0.243068661189226,0.697870165463411,0.9686656360003546,0.5350370669024505,0.5548732385058843,0.5966576299073347,0.5330509099884293,0.8467316826836654
07/1968,0.8336019856116265,0.5921218602778638,0.5571168939245587,0.12473758565018578,2.1548419905409237,0.3227904176170181,1.0530141460971487,-0.053798861305280776,0.08351776026444457,0.27852690991259355
08/1968,0.35967054136520266,0.2722082522167336,0.8918997546243532,0.18339347384945365,1.229947263719594,0.4066059108607284,0.8844557469367996,0.42906649602969027,0.7422292279804278,0.6157169457811695
09/1968,-0.09146446866687374,-0.17349976739137274,0.9832597977267016,1.0983250656151575,1.2820920319982962,-0.050575216593571226,-0.2011270090256504,0.3061054577742223,0.5648909475874093,0.7463795572556018
10/1968,-0.3260711791931189,-0.33850007600989307,0.4211426279903956,1.1198452895421562,0.8146486203683228,1.0199593367077506,0.6412961229475362,0.6957030012643718,1.176928322384609,0.15802138831666956
11/1968,0.15362242665774495,1.9224905842701228,1.3893297492716914,0.5324687281063739,1.5730584744042528,2.0315620585411684,0.33937178854449834,0.9049927652496347,0.8042456344373641,1.249034179172791
12/1968,0.31402944644609454,3.410257794000845,2.023926775899419,2.2899699107367604,1.779171636796852,1.5302049269491453,0.9442541266255606,0.6954738889211708,0.8952138425124174,0.7800055055897749
01/1969,1.3649454295405774,1.0161415301150631,1.1877126365970776,2.002502617172897,3.2731452235704297,1.9682164787691057,0.7599467221199254,1.3408786329131417,0.7463190161208113,0.7336581490248391
02/1969,0.7425652768554839,0.45542179841660135,1.2898562996381684,1.7829169764630475,1.4679570230977348,1.5853519650188432,0.44117400065053536,1.5952543164797404,-0.7180122868809204,1.5092370396953196
03/1969,1.727891166512239,1.3763783339887659,1.3375296070061915,1.0248694360883934,0.829602324628103,4.548078541253346,2.740071646054052,2.268591191194023,0.657486059207953,2.1495217041717876
04/1969,2.9109080053304957,1.4187138093629268,2.1488729612180597,-1.7936316517469408,1.6371133983314476,2.793076659644162,2.373956022679543,1.0318163814732293,3.2662110021014272,3.9100865110309293
05/1969,1.12233174073342,0.5613406152737626,1.5705809306526257,-0.5664633216026205,1.3410779411607232,0.6984048846448014,0.8696610192989829,0.2421383763877566,0.9011222184606958,1.147154701685881
06/1969,0.09566817843173936,0.7661516156703115,0.9244387617240832,0.5901593435505503,1.0654831639022402,0.8726974185261975,0.30771917505412477,2.056503833982906,1.2508162004418195,0.28502487576424906
07/1969,2.0089801466112416,1.8378373673681043,0.42866865601743387,0.47190599392647103,1.4127560210712917,0.17575928274303798,0.6852425147963419,0.4944849063401542,0.34207315023006724,0.022023307938959125
08/1969,1.2059882450868105,0.48401928361433094,1.0044788104271458,0.8601552040010392,0.6042154580294723,0.783826400622464,1.3804314400586817,0.8249204905462773,0.414551211319381,0.8928849393155913
09/1969,0.5793977879294838,0.5603303523807914,0.5692860530599533,0.03745701447931671,0.008767605963923897,0.9280431571064689,0.4970128239568485,0.9824764836038326,0.13815033638278362,0.9730957836915619
10/1969,1.1059559372256755,0.3395736129660397,0.5994491994686141,-0.2011791440864229,0.4029201697355118,1.3388166672860735,0.8687983802127546,1.068813522174377,1.7859483704897958,1.0741911508278794
11/1969,1.7460653529924663,0.9751915642352627,0.8837981711325361,0.6245752526156376,1.8228492836218613,0.35626723710058883,0.2882775128659205,2.9927220843396176,1.551395548343499,1.5841346920036292
12/1969,2.363706752161136,0.8932548096285992,2.35856011331662,1.952453315564246,1.2332410854072826,0.3791901216602771,2.225884346754424,3.9312058661811085,3.021284151432175,1.327458892842877
01/1970,0.7194452726215804,0.5300188084954505,1.869716880727983,2.6573253345409658,0.7778124036808808,0.21277413092693076,1.627777746590678,0.9073290770574824,1.7090473515514977,1.3614151009907707
02/1970,0.13320081242066262,0.9392727481790797,0.27638126573762334,1.0711315411493767,1.5379115645809112,1.7359177816512728,1.8571263237335975,0.8582242920383976,0.9035703294987117,1.7208559943835455
03/1970,2.2714520464674703,1.5412362343945143,1.6013125972952595,2.4515932597417405,0.5837160673208364,4.108239164895124,1.8937670217144615,2.5795766067217607,2.8217969487523504,0.9869394279461916
04/1970,2.277016742130606,0.7471656047447173,1.80117529336211,2.8712531825226026,1.2512239724617313,2.465054294766847,2.5247716758513086,3.5451998569005028,3.6376148254283063,2.247259533607361
05/1970,0.5867984849971536,0.4383965444479938,3.323430584706233,0.7942718467838283,0.6368549018038087,0.7722403870537925,1.5574202746121912,1.6426802195978543,0.9398154677731055,1.3711876615136793
06/1970,0.8385270993111147,0.3822839094072396,1.1814764597957708,0.013245180626215491,0.8370568946422051,1.12630273170978,1.4473676843433543,0.5988926640426036,0.8686578328282353,1.6279383890683619
07/1970,1.0899261117658958,0.4152402039826104,2.6129784253836545,1.2906047949790023,0.8478747873909085,0.8615518812646019,1.2627440582238612,0.5613130260892016,0.48997224329828437,1.2102405513306593
08/1970,0.29077414751728053,0.8890283227952103,0.1390205117246308,1.3638633277654804,0.6860006836819925,0.20736883378496895,0.2749437324534946,0.5815792673137241,1.1970186642453138,0.6173324784029566
09/1970,0.8046559877260014,0.5033933740028909,-0.16726629964456186,1.0562805158247253,1.6400935880576926,0.3791163956346536,-0.029147012950870632,-0.0989222077520927,0.6746631495569524,0.1765971836637592
10/1970,0.5599323675913642,0.9773015283605049,1.2355863806854792,0.6966518048685393,0.6507924235805476,-0.1640469510572803,-0.18016492122677658,0.12967980446335528,0.8081406896463234,1.3367405745940908
11/1970,0.06972617809796922,1.2017897172606242,0.8002867674371397,1.603101406965052,1.0915759203452366,1.7707366596579024,0.7779514094645362,0.6845606169252592,0.2784770744593378,0.23822229840860543
12/1970,0.22919305614699603,7.257269613631075,0.9351814601701205,3.3399936806616015,0.782756469488498,1.4903482995441943,1.2836671333633587,0.3806568049014267,2.256199589876916,1.2338789559551928
01/1971,-0.08666886274351271,1.372192871311368,2.4604899233973647,2.054235210595623,2.741784726993979,-0.16609794896079477,1.8213994942718985,1.9495731509260694,2.6180789343965785,0.7420407128950519
02/1971,0.6818385919413188,2.735702472120825,1.3682764169653072,-0.07973244835792426,2.884241466172189,0.6424110403116066,1.1883799106384858,1.3305440011795526,1.8790526812901156,0.21740335831037894
03/1971,2.402491488518376,1.7211062319582602,4.666119792920231,5.816263546482266,1.649720437390152,0.3700924084119743,2.9722261143492066,1.3856223746751817,2.3331318174091997,1.1107194053951355
04/1971,5.90242112061866,0.6161909077959515,0.46962391950186455,3.521564054971109,2.32686907928164,2.378568431668092,0.008136806735110635,0.9024370502406378,0.19905353337550746,3.1475611931094454
05/1971,1.7699163522141341,-0.006795351222724788,0.3840245186325625,3.3417467246109287,1.412063894055706,1.7228990833186804,0.25563112167636454,0.4321763201087342,0.15018320508648247,2.0429793469460726
06/1971,0.9451405952452332,-0.01429539946380931,0.8157542671119957,2.0357205552529183,0.9579575759227744,1.011116528928419,0.6323637857676292,0.2279056283157394,0.20421401505874015,1.3577581460693506
07/1971,-0.0686557578947008,0.06464456088868542,0.6260503097994774,0.31315650272622897,0.6465497693979303,-0.11507418712177375,1.218345496694397,1.5163046633745942,1.129638022780556,0.5515117079502323
08/1971,0.06904707400538923,-0.1671185469635379,0.1811931562553627,1.4964942726042374,0.9345177993296274,0.41217137569715545,0.6317585262940612,0.9327897335513886,1.294385601990209,0.4451957634135237
09/1971,0.25171128018443856,0.33589034644223836,0.2769711192293745,0.5493811487839773,0.5404217943842199,0.2389622140818667,0.45236449639404513,0.08328803854658218,0.9804033476824048,0.4045785170205395
10/1971,0.19542304136553224,0.14642284550822082,-0.12795467839312136,0.4945159053799878,0.3566209812953491,-0.2885397505319334,0.6723828332314671,-0.2512984310669089,0.6516425915574426,0.470622699679223
11/1971,0.6451914838215818,1.5125338549919376,0.7559316755151868,1.6964833883446715,1.3602965301463956,0.8652892335635366,1.5678811287659373,-0.08487735944705022,0.4516655347821701,0.7095712130528535
12/1971,0.5030951859699816,1.3380759895823706,1.6041820098278163,1.259745447462135,0.9260934981270056,0.9903463103103556,1.5230289941477044,-0.16601682981421684,0.7858806021608356,1.0080976047273014
01/1972,3.75987891280043,3.8083376353099254,3.173081753226323,2.164527081542076,1.460535256874746,1.294026026922311,1.1574347761270036,0.5560490208551985,-0.499442220724317,0.06087811465567494
02/1972,1.9123774629812542,1.3572978511184643,1.693021689725793,0.9860192285743188,0.9501423269908165,2.0962117650266654,1.6841228768903722,0.8619039889270105,0.08303907511064368,0.1221194050042057
03/1972,1.7323419445799577,1.1813776302622145,0.8539444676171319,0.8424567067746257,2.5144758907105644,3.1167112081991046,2.7875223477722564,2.8788719399963263,2.9287945738225076,-0.645407953435488
04/1972,5.12957952761383,1.90210676441138,1.3192091900905525,0.9116545710748789,-0.43960348237096225,0.9392031071123859,3.20307259725635,3.724575269337816,1.4182127240818678,2.649630869549749
05/1972,4.86220645703844,0.8686840855191429,0.2789084415767171,0.45289755014016053,-0.3506575123985459,0.46327091638257906,2.0826185848471344,1.317950090816796,1.3798781832332692,0.7907921089785988
06/1972,2.046921791433217,1.5119565437110305,0.3846116409394534,0.20710272102513794,1.0868363837633574,0.4313386273330833,0.8612258671439764,0.6072930709349061,0.7654786305606815,0.8949877322311012
07/1972,2.566162045354928,0.6520649259143808,0.9766676126359018,0.881833825337115,1.4180506202744563,1.0741102227886394,0.37459864218713856,2.0389827066580954,-0.11958542746437939,0.29684331548025766
08/1972,0.43234229629269466,0.8458468221105266,0.16948962848750093,0.37886591922350943,0.8780180691337454,1.037102047209922,0.8953973967857457,1.1634604782816043,1.2272464665337113,0.18851644387477745
09/1972,0.2656462258289257,1.4234246021735841,1.065325013770989,0.5290618019544102,1.6437408139112115,0.41402203350870737,1.4145613827763204,1.6127750445703688,1.5630812463930575,0.40484910378124855
10/1972,1.858121735234157,1.7592533708759954,0.8119134957372169,0.7459487096735232,1.3539997063201532,0.21537478951478528,0.771637988263417,1.026763670969462,0.9346832009900021,-0.05410099900260523
11/1972,1.304757956487258,0.7151520198210642,0.3211103879354972,1.0072582836252593,0.49574224056014227,1.2977482717212352,1.110282854116872,0.3056969440267263,0.7457683130256252,0.7462462221237316
12/1972,1.086399484633595,0.35767542658521534,1.0803688102046856,3.8438779522916793,0.8047915292991688,0.8276258874897879,0.6839411111883582,0.3234803373569797,0.704975984178819,0.629776789435033
01/1973,1.3121031550710218,2.622263837741771,1.6673740582473617,2.1631555825409476,0.36251412920641857,0.4808977752829938,2.365105848422204,1.7545195724644698,2.1073335148068337,0.581696464772332
02/1973,2.194762542164981,0.010982676738014119,1.260570828885085,1.140034803093736,0.7485046157178702,1.3647303423912427,0.6133110098496211,1.7398087562657059,1.0870325949851867,0.2334183937497415
03/1973,2.306926004214631,-0.22189664695084588,2.568687894669877,0.798278806183204,0.734313243986648,1.7206239512981159,1.4370554917212657,1.7549174952517808,2.7162211093292545,0.6912631540359789
04/1973,1.8214801632945654,3.3921677924664153,3.6165812908190373,3.9894066153779475,3.064856145875503,3.7160108592632746,2.7836723370761502,1.8473022793465914,1.296825157119538,4.466364691002424
05/1973,0.9716305619828294,1.0432733133036534,1.8846239532956928,1.9665055002839331,1.0964058647282742,1.8213711929027445,0.9246691515322265,1.1210621975303723,0.40365253847962823,2.602543538504816
06/1973,1.2087173664517767,1.074499288546134,1.3086167504104018,0.4101095864103681,0.7472774494592566,1.4516560895567912,1.2391765154864547,0.37097440342828886,0.11012220494121261,0.9819553820605746
07/1973,0.1279355630493587,0.6707894870328852,1.3343332714957152,0.1680564333401302,3.624148723649181,1.3803264512782851,2.3084318812395734,0.5289200320147565,1.3870510925920088,0.38350455113943777
08/1973,2.031866421674051,0.19622048996272184,0.618838319189249,-0.014186734682626101,0.6886580432501437,1.1295311849380747,0.9268332300448299,0.6185567589179721,0.7411097523404675,0.36116412236333656
09/1973,1.59172569161032,1.6305746101467682,-0.19802056658085454,0.8514756283977556,0.7748867642610594,0.652539547000146,1.3755625880985556,1.5714804121444494,0.133064579072681,0.4700462368813135
10/1973,1.9153944717980715,1.9709453737745222,0.09289788599528934,0.3007434919648405,0.9081216269479636,0.8598945469089572,1.9440658954993446,0.7940965915475959,-0.037260793032411976,1.593307128741002
11/1973,0.6693586305691532,0.5529477397960765,-0.4509092020782606,2.198659595327058,0.9302318110990897,1.8693177541478758,1.3730251696834306,1.0373767925333266,0.8696511111647348,1.647869928296545
12/1973,0.4820961563658803,2.797981960277694,0.9801003967368194,1.4617657321796202,2.9242467423334295,1.9875043357512356,1.5901284480746756,1.239265100374017,0.508266876436045,1.5431116977108337
01/1974,2.1008684958117083,0.9665823338082947,2.5567064316555337,-0.6128718914537681,0.857969564560905,0.972391109884608,1.4647014462654115,1.6489147177160401,0.36896674977080723,1.201170892481788
02/1974,2.0308873334615414,1.6711211535109296,2.558173000099777,0.47345637415912495,1.2261926467052915,1.0928928012935164,-0.3298969194049355,0.31308934166271174,1.1263773586303736,1.0553473906410966
03/1974,2.780153854428326,4.334964623401092,2.3690531588737316,1.447606764257322,1.5666781855327605,1.5389617325430431,0.4043483803000001,3.1024488952968525,2.834443794268269,2.1092234505320375
04/1974,1.2601095213687568,2.300853206671575,4.686763931873843,3.450083755873632,0.4905965893476618,1.718110855314492,2.90397220545619,2.469786413426754,-0.5407064618769106,3.1904622029345036
05/1974,0.25341650521826964,1.2693765452938786,2.9898770909831587,2.428743237480932,0.8022551232759244,0.42407578060832607,1.8188647086711183,2.4923872666856903,-0.22534774686339398,1.288162158544576
06/1974,-0.12862184865719584,0.3705523744404057,1.5438023832453176,0.8844570159041742,0.9964849523326282,0.49786936849401664,1.0538407447513125,0.7047338158021512,0.9893953729979021,1.0063583163160974
07/1974,1.3709276959004133,2.9099990003789156,0.32710736101911086,1.609364793167335,2.866420812488303,-0.12659049054780613,0.9677465465245616,0.8286368852510627,0.5315935778007688,1.6705089658186403
08/1974,1.278469121567627,0.565575121225624,0.9370107474684493,0.13014051153414707,1.0383938167428808,1.597807298129116,0.3735921896412445,0.4282228617875168,0.35373435102687667,-0.3236904254044135
09/1974,0.9683236449821869,0.38234377194132474,1.3162249990658412,0.14477246088844264,0.618700864500769,2.244741313413863,-0.019983694275882424,0.9885817009509843,0.9752134645382922,-0.2161768261918668
10/1974,0.7873680158241361,0.7605989035072578,0.737863526158781,-0.05149114348683004,0.37686618575494496,1.5535258954161446,1.0441245688692062,1.2686968174970954,1.166692545881207,-0.28698333973387197
11/1974,0.22072780604060105,0.9274921648691219,1.2603291230236642,2.520709140100445,1.2168450696416349,1.2645237612480396,1.358242815660505,0.6528184109059418,2.429276371333618,1.6350794225677858
12/1974,2.075000885493682,1.3654920226800296,0.8788805104813135,1.9589850595131741,1.699321759633223,1.2949911317234468,0.8770345662756526,2.891835071240762,1.9618557112217205,1.5797455572195314
01/1975,0.1613586504724498,0.13286680580824273,0.32458660936320227,0.2752243572375328,0.7897429859186509,1.1647427856925578,2.510157226368514,0.8743171019192395,1.3210763980213225,2.122655836145848
02/1975,-0.03901887413952809,-0.5212870505702834,1.3868892709148526,0.2548422142974852,1.0206133036192653,0.6486812926078938,1.7206178064700994,0.5494118977589142,1.047605480445333,1.0499455161007907
03/1975,0.8111888345998677,2.0730363645300733,1.488260272059323,1.0649162564685706,3.9218325780846306,1.5732340279176622,1.7776363138501674,0.4757077275071351,1.2889368184147234,0.24608197458800074
04/1975,4.349726920986634,1.4911517328648989,1.7075415293323906,5.7480587659288975,1.2159780399583004,2.677283154239725,0.8089349613550325,0.8755120987349114,4.226270294581013,1.8017627692434974
05/1975,1.544521230497312,1.5763386350371178,0.7180778848183755,2.1120630582284,0.1933399795072932,0.8438197507871591,0.036241757915898454,0.8557205617283337,1.8553884948615225,0.7702581804385116
06/1975,0.504363332290828,0.78976385102246,0.8976015929665625,2.2525388225352003,0.14959375182977108,0.7939663505691762,0.5789720844780102,0.7079952599671038,0.9168528758912914,0.9417315006220061
07/1975,0.8719141182314359,0.8577227976910747,0.48494192831669763,0.4034295294479292,0.7882609823297386,1.0401190343086024,1.8146687892905284,0.5761172652036224,0.025979646657152577,0.31190210884103187
08/1975,0.6925423148885481,0.6411798861090243,1.3741137433902006,1.0197345322207405,0.7328525579060997,1.1489609363405728,1.1163981085370724,0.8621912552079347,-0.04000681557818642,0.21244839514864322
09/1975,0.01051074856798151,0.9548667899261956,0.6719493043381725,0.7077173253900204,1.1224703075882214,0.2204699011868455,2.1232387367265604,0.49396428326634606,0.3086435486244224,0.5891943914766206
10/1975,-0.4671521666842887,0.27454824003101286,0.3772273253461182,1.2247440630203967,2.074766738623589,1.8854450111646794,1.8377521191983905,1.1111043381108834,0.172924328840108,0.9357830279580235
11/1975,0.7635505178548736,1.5355613589575112,0.9841265289647316,0.6331844727346945,1.6291226582549123,0.5928259271189724,0.16165663777875483,1.6622248624337321,0.38069759443299445,-0.07312193540727407
12/1975,4.969566752288063,1.9840574183095014,0.9780212032743227,0.7502611083423332,1.0904290981859408,0.32664458247590644,0.07849209634808596,3.112880231398169,3.7850621266333264,1.1716908781972042
01/1976,2.3482735539665005,2.027194608556825,1.1268989933722295,0.8608111822637844,0.5718478429360028,-0.5290035931038861,1.5526105823975414,1.0049199405183276,0.984699080153923,-0.055971766498825515
02/1976,0.6320538774087128,1.3466732220259592,1.1910540294630132,0.8834145389081413,1.479221512128245,1.060993257053367,1.2727640291708333,0.6818443628251374,1.9269130091961064,-0.05486436525944771
03/1976,0.2381844695148081,2.6373325635847085,0.7765392396025903,1.3428582916160186,3.910466136214427,1.1508481808964395,3.285874117972093,2.51435481872289,1.9199328314832758,2.7432465877981858
04/1976,1.2917090535676108,1.8632317068286415,1.4378981126994506,4.103066729076186,1.829548836367107,2.7952463130705474,1.1161472690395262,4.459065745191893,0.7832799240960537,4.814418378913675
05/1976,0.43606292742623004,1.189118407763325,1.392811810624307,1.0960182449342604,0.7826023044966781,0.8742230237751435,0.8619813568131434,3.0575763261467666,0.5747656264903294,2.499661067263779
06/1976,-0.12283199853067017,0.8552614885881539,1.4320292339447709,0.8496654878039103,0.8038982614589874,-0.006013012385562511,0.7607728386184144,1.355084955506216,-0.09386269884366483,1.419288635273
07/1976,0.4799426864438346,0.35871695533881653,1.3529957097728444,0.5338892525589376,1.762847767010957,0.7593357323482968,0.4962744400358853,0.8167006897345689,1.0724260867253277,1.2423863612087511
08/1976,0.4714558874295208,-0.012347547364070621,0.06793716176166353,1.112223153168296,1.1617505751286235,0.6548808937602911,0.8808032944548365,0.5517057987795273,0.5194064720297638,1.407392157728248
09/1976,-0.3208756643361682,0.49485941461917193,-0.004901719346604105,0.7685992899588651,0.8214480341362198,0.4848696665193044,1.3253447620681797,0.15835979347146678,1.0963372991615719,2.4663416943288627
10/1976,0.3681751980362093,0.47408592536451966,0.13510645925208586,0.6668763351507629,1.004081075834478,1.2546402280590794,0.9843051770485733,0.07427295422359431,1.2293606844326026,1.4739758395808318
11/1976,1.3087544338306247,0.22496927340668305,-0.44294307591062543,2.121587032153596,1.5600899956497882,2.1193347036109103,1.7677898084968033,1.0927736243051969,-0.4697558002839328,1.7000233103289588
12/1976,1.030971743189925,0.06793486730181375,0.23603482878489615,1.4463702193413526,1.0710462079440415,1.44568500979851,3.3507597679854255,0.7976316220662729,0.1897119793214237,1.5779638371040368
01/1977,1.0577755056720837,0.07209184885287634,0.8826091494549685,1.1543843329016918,1.646947694625528,1.3052744837736452,1.0458789024867778,0.44086565088890795,0.9089497899487954,0.2688556786486498
02/1977,2.003597453122823,1.28826478234594,0.06721496942488914,0.6220137826696488,1.465571754104369,1.1290455655548375,1.7073579239646488,1.5512024931521822,0.9068926704738189,0.38685267645062416
03/1977,1.716414506418197,1.4360310195233439,0.35725851850602997,0.02837554335275727,1.1739271620097103,2.372810766439824,1.4063947404920072,1.5107734917928037,3.577962988702593,1.1980152317889443
04/1977,3.1952097502050973,2.0887544741044084,2.2286534949715695,4.109528294180939,3.3520457647539708,2.392133492478349,2.615879848939046,1.1460974793000938,1.7239989919352294,2.947956845352881
05/1977,0.9749149208194322,2.0831678336916672,0.580444984665744,1.4072089362210487,1.0489527856474141,1.9241366007254186,0.93584483895344,0.6036745941295243,1.288654334494447,1.013108611176087
06/1977,0.8089633280390959,-0.24426741187027123,0.5693206861199493,0.9939181628148615,0.9204946253253317,0.7473537340702483,0.8921160477868215,0.24200056945083076,0.68528998457856,1.6693100853644285
07/1977,1.022615426997012,0.7000900653749329,0.3967392211475716,0.26294032634838416,0.010746876607559575,1.0871039270702687,0.02110107474035916,0.12998474809271066,-0.22799727715215967,0.5395709941287468
08/1977,0.4671010423639139,1.1912066947815267,0.36974875061583323,0.028176819254238206,0.6459372169806104,0.3256427470426923,0.8101718529207786,0.25735082670976,0.9567362873660001,1.0135248840767006
09/1977,1.587952655880143,0.16127295429780664,0.7179625982903719,0.8124807505756979,1.1724958860563146,-0.13030774795368816,1.0642860073589417,0.14569877042225554,0.20280373907081906,0.4205844403788842
10/1977,1.0827033580322323,0.7999242462695375,0.247838585001248,0.8987352845174877,0.9951611161366274,-0.32418776699081087,0.4428284159899818,0.6654901780555478,-0.2162503257080856,1.0682632425810974
11/1977,2.814319945352871,0.4932798949752419,0.29184590225638896,0.03853409805541019,1.0933376742816814,0.6134796586764013,1.2633943809237171,1.1877883474312414,1.3037065923002364,-0.021404719158201635
12/1977,6.081814915011137,2.7713544779255113,0.3199232806756901,0.14901115886414862,0.9516843798153634,0.9614183493256991,1.209537359782208,0.9699830158736322,2.1821007808854738,0.8581641314734753
01/1978,2.671190628544445,1.2839467794193802,0.7293220735882466,0.6040218846087629,1.1000597497616635,1.7671186757548298,0.8664265749022034,1.4495699080806657,1.9332320712731286,-0.35091601014277995
02/1978,-0.5526335582432391,0.0886807230760327,0.572788397759038,2.0206084720486035,1.6490681818665158,0.7458250031697141,0.8356250208998465,1.8018505744085869,2.033345532178598,1.6922374858319793
03/1978,1.221483551985882,-0.025311207282894044,2.81045704973746,4.522383194976631,1.7148216138065955,1.1658689718359518,1.145394631196473,1.3237691860509266,1.7401230543290274,2.097340524186132
04/1978,1.564862150813569,2.5839440374425577,1.491746274712765,2.5218861480457497,3.422307875689763,4.157389193390787,2.319488793606505,2.6572678258188236,4.267148618424749,-0.47171322660181314
05/1978,1.4224891810273872,1.7248459096620725,0.7804519788043311,1.2406234401240026,1.7301675323954784,1.582935630180942,0.7947054885971416,1.5402604637807396,1.928102289252982,0.2151181431197111
06/1978,0.3368259393212031,1.332000252741969,0.892830458774928,0.8524958255594691,0.6553548036553507,1.1817440172104703,0.08482431788792244,1.9083510966938173,1.091167600319564,1.2302643883758342
07/1978,0.47737759148971515,0.18158647032402586,0.37197090327096144,0.6911409426752846,0.9954521674992165,0.7001730781648496,-0.2597913204162623,2.5664797384088267,0.4149349753098509,-0.1138728521240795
08/1978,0.9805063688465299,-0.12580415655098853,0.8802762714737158,0.4179227201658215,1.2853915714870596,0.45514577945637924,0.6822649391256024,0.8529232574597095,0.8527024254015236,1.13628394904834
09/1978,0.863567531119132,0.5773012733308486,0.19451895009458986,0.0908727698162235,0.894575743197593,1.0573028959350426,1.1715264447595695,1.0677141158443215,0.19568644350492537,0.4211150988106264
10/1978,1.2140179405847213,0.6373017898031657,0.6057545096925159,-0.01750025893394458,0.6385217265386581,1.5257135286396812,0.4869486419326916,0.5588276571861689,-0.2429357401119766,-0.0022653288877841904
11/1978,1.3864788246869924,1.1825537048474806,2.48355107158477,0.49515825600993285,0.2633398822095647,-0.06529136613841002,0.27351071238810765,-0.04030114541253793,0.8281338672766231,0.8044639419220819
12/1978,0.9286662169677717,0.8609249980450785,3.1578538559652403,2.2311422499224527,0.628052813621182,1.2793249708711905,0.2824137525729451,0.8269909150449758,3.696210000837878,0.4653490556822266
01/1979,1.7249221279110927,0.5304163666231381,1.5504049234040773,1.7316622211216073,2.902060980426394,1.2904710637025814,1.1170066114096513,1.1735913281397496,0.6718459157451102,1.601326933845987
02/1979,1.6927023010317317,0.7379858639614023,0.9540322482645565,0.9659630181244172,2.301401391820456,0.7077149494861361,0.17597713815740812,2.578787126295544,0.8540164704145532,2.3457253158447426
03/1979,2.1101278831854335,1.1876126870976467,3.5693590130345125,2.2256769482214427,1.4789075977296995,0.6198989949332725,2.8922665619372845,3.2866835030508454,2.4461520444718223,2.5604009897436426
04/1979,0.6589634892437339,3.5751610573915786,1.751644698835107,-2.18953191611936,1.1770139550782621,2.5267367157830183,1.3012140524130755,3.8001756454828994,0.4568732458908724,2.641101911302705
05/1979,0.48674144255332374,1.8638982311291292,0.6957357488853404,-0.8220154134428161,3.7014808276556708,0.7215844880974575,0.36695252268935585,1.6167738695884166,0.7309060897941009,1.1913720134123449
06/1979,0.2738111400409869,1.593219113246986,0.4853505574736478,0.229447569010371,1.2519900916403783,0.06220582811666542,1.2819166053269373,0.7670467423566382,0.49163107220844315,0.6488706907855173
07/1979,1.1225587070719796,0.8617079620608039,1.0739985471558517,1.0189351558045545,1.115830862868622,0.1361231865782171,0.6497966334875571,0.23858120423549423,0.7309660353755852,0.7741142194743574
08/1979,0.6830313110611156,0.6706860609218254,1.0375495212585075,0.9312486161571257,0.16334793109882106,0.20897976196601464,0.8353626486776317,0.7318795642085903,1.500094148331684,-0.03437472173127443
09/1979,1.6011460696397588,1.2169140452119234,1.0274472024532146,0.5093996121510181,0.49825766640710745,0.09296907949642791,0.378125642657826,1.0196566712404014,1.1224945889211697,0.25800440726218304
10/1979,1.2864410970408222,0.36124924058250985,1.0788994841647708,1.4954792574501699,0.33766662618704074,0.4830775151164061,0.17920463275353693,0.8296120322064129,0.7087010116258967,0.2806385311923909
11/1979,1.4066536094024529,1.2716441916568457,0.4715569877341499,1.5529340180952682,0.930558976035878,0.18493685592577302,0.9103906684053001,0.9885009520915875,0.6774268941222303,1.7165576504517936
12/1979,2.5864987829231008,1.628552061107733,4.583360577644476,1.721423697684085,1.195000543966259,0.12433490044076578,1.5124261381044954,0.8766616403761852,2.0678915858747473,2.4891923274632317
01/1980,0.8886135512006287,2.631451701093364,2.2203489488170667,0.2702564311434592,0.4091513316405433,2.4428443135157005,0.9513123954287381,2.1498214320036295,1.8166750481300595,1.525330146171811
02/1980,0.7690466098186381,1.5422484987310965,1.0985645508828479,1.7427681275642168,0.09817588262015775,1.3107003975465041,2.2968866904652447,0.17213751844397196,1.7262872194595336,1.6983335209493757
03/1980,3.1085150196221547,1.0660375616287112,2.5726406472931007,2.2134625073018235,2.31624191616976,3.2993902131042194,5.075308477811882,1.8361613851568426,2.272987221941919,2.0419457805885
04/1980,2.2268730662251084,1.5866404558987541,0.62895447137939,3.768131067412556,1.4027195288236443,5.253184702400814,1.612366984182643,1.654782798668248,3.8031987890385617,0.4509351807462896
05/1980,1.7279684961174027,0.6212454194127446,0.3024658949906916,1.6244079756191716,0.46669300621029397,1.7627393066894623,0.7052767796949102,1.308671439472535,1.2801443318171977,1.2725884575050006
06/1980,0.9338371229549371,0.5662075566500957,0.5420640513615034,1.1744189658206268,0.5771374344430847,1.4886407150973537,0.3135322332801408,-0.15237753538657595,0.14295153918947667,0.444883916541669
07/1980,0.5927589178840289,0.773040594800344,0.050653044248563206,0.04355138848525841,0.4722860911577292,1.3255620226853755,0.2380318244891152,0.512079310663618,1.0059876757114319,-0.18473763062485515
08/1980,-0.007801761018193409,0.7821146946050912,0.5905667534848031,0.3670272948925898,1.1751277194125718,1.125765056769242,1.4457716542710009,0.2770508799444348,0.6193108311220586,0.8070982444197534
09/1980,1.6153781500559519,1.6921151627251385,1.8508961281362726,1.0415757762241746,0.5793250571335551,0.6598597862436182,0.779928802742559,0.6239430756580311,1.0731284010150435,-0.06123229274057129
10/1980,2.0274111185249435,0.9795424933702122,2.3455720996880465,1.2293162467215044,1.0773433589653547,2.0463725672841306,0.22794539149398996,0.6832223080085563,0.7595108188794137,-0.38794991668224155
11/1980,1.273550987155444,0.5358696375915195,0.7196100583838054,0.35479795017587257,1.469386552361915,1.219338059346638,-0.12699193635218942,2.9479757458226885,1.5630642850775796,1.748068554460969
12/1980,0.8694770433242806,0.4796229793370246,0.8882746666006662,1.83290213785317,1.631428771882865,2.19191969915071,0.48940209775480614,2.797358279793245,1.240829627271129,1.9545602037833902
01/1981,1.4455862996471491,0.8026427797755502,1.1118034002810937,1.2701819186655772,-0.055407806235741486,1.0546287246138335,1.6267788868433015,1.1157169409732046,0.8794653447475217,1.2360744609962764
02/1981,1.221279777761405,1.009670748148402,2.1345654918085715,0.1744618875655447,0.20538812777195004,-0.17185495733229383,0.5265213759026187,1.01769500004992,-0.20554654760568658,1.3882894267423915
03/1981,1.7754322947549943,2.082528455185806,1.2061420543803019,0.34418521342885544,1.848172141686638,1.6538263417167969,2.32178220721658,2.0009876660437778,1.181452023870991,1.4689644719904422
04/1981,1.2481933763225852,2.4673093115696303,4.070558557907025,3.1966343337811907,1.2831291250556012,2.2478010259744807,1.3034960628430887,0.6669968518164839,3.288884968543882,-0.40066435582322146
05/1981,0.6362100304465339,1.049570923669002,2.724584260527063,1.3924197052539915,0.8124145794894151,1.2633654648565436,0.2121795627262878,0.30873019787366346,1.348050326972934,-0.35860242067848236
06/1981,1.1933679207631327,0.8851349775253092,1.2616255227564785,0.4880230846758947,1.1207771517476919,0.008309475863453764,0.467343733901153,1.15627766124945,1.6002131421416286,-0.45942882188525636
07/1981,0.08521467129484228,0.36044766460648603,0.967015589704339,0.4298193718599388,0.4538954522962288,0.15352560451337893,0.5287290776453045,0.6485130242828129,0.8650937997317353,0.10757454327033722
08/1981,1.4806998311763144,1.8509748725508062,0.804740567698139,0.7166877158292865,0.8843688118629446,-0.06661429143408848,0.5859495577207275,0.6711548328087544,0.5325484835015788,0.6885492069827466
09/1981,2.426481722380653,0.8599257750729885,-0.24496561598772992,1.5072152487419057,1.1475278927481851,-0.009359098428907586,1.3088961322783619,-0.4863991497549174,0.7676892356737663,0.7432500131248285
10/1981,1.79589666554365,0.45798289554040433,0.16998518368599008,1.5017762722443568,1.1143365798391074,0.29780039613656145,1.373735125701006,0.9225151365662918,0.7740828996319854,0.5044654149811694
11/1981,0.6867058144210227,0.4317555469484825,1.131450670090997,1.0541526190393045,0.14168028402475374,1.8344476039741044,1.5582085741860774,0.6217292998923504,1.1243241621683664,1.9025698922720011
12/1981,2.0268946767642793,0.56333574408827,1.0393788114156095,0.8275596616143479,1.4808607770171751,2.0819032593389313,1.566127652094311,0.4154408143371263,0.9485728138190495,1.247866369705294
01/1982,0.4799260727736152,2.6339017897199697,1.5377281853328246,1.900057216875986,1.464893114622787,1.1194638060202815,3.4000407844217007,0.906340847163626,-0.12683103930258066,1.3077722754601613
02/1982,-0.2650372913925798,1.2484709383490071,1.1367495423139422,1.500152135437068,1.0162706797881569,0.2797823031062543,1.6470990326268107,1.343998130993444,1.195219351535281,1.3424960568996047
03/1982,0.4447518002627223,3.2137771017675236,0.6876432205100125,1.9292999694456345,0.6163692465657178,1.9443074929195028,2.651238382598187,0.8995376538034874,1.6307039549580293,0.902795259771576
04/1982,1.0298115523851152,4.121219018047453,0.2637399015552555,0.39511382673889894,1.3851449841715133,2.477360112599581,1.7853581738835818,2.886607763618848,1.611501854803512,1.4266380040979332
05/1982,0.5757459887228176,2.5785690858326387,0.08639490692230584,0.24302218414846438,0.5312365200172018,0.6762049177475709,0.4075084916021138,0.848641143866855,0.495354449379904,1.3331286184617286
06/1982,0.0873492829278304,2.1933619056055123,1.5687091785704412,0.8307807616542195,0.47578501718853744,-0.06264748277569288,0.07876024700755191,1.1876936118321755,0.5806283648299321,0.9808867899768002
07/1982,0.5156622502831973,0.246631574073776,0.1279632426401094,0.7824116879270457,1.119895234980782,1.830794079133446,0.8625544099176203,0.6223925326496003,0.7096799797713746,1.0443385101864164
08/1982,0.39047023132651465,0.5850463404696862,-0.29156712142534535,0.20306000327492035,0.6041068834638574,1.4838165509200727,0.9833936932010092,0.7301423060545171,0.399418383293374,0.7033379171102618
09/1982,0.15427625105747111,0.2568038346430835,0.10145182460429497,0.543172012464879,0.14574211479074461,0.02862798005443501,0.5866773176019032,1.3122035070883666,0.9403386229534872,1.171884318467415
10/1982,0.9643232841259843,0.5399041348565892,-0.4089201066099393,0.19251789018610022,0.7976932410321846,-0.1699794334064293,0.6591409130772621,0.5779268465597913,1.2444947754940954,2.2519368274729707
11/1982,0.6803557069974822,0.2535716062769202,1.175597147407356,1.055571940910993,-0.23850451485866242,0.9433845143800422,0.4114537028616069,0.8439324361517383,-0.16507933364522054,2.122032957333784
12/1982,0.37644472909074367,0.40502058520656914,0.8731505587593186,3.212230614748802,0.3190808763496966,0.9081514454996161,2.5275930530800386,0.5209821230451426,3.8908296441630794,1.9731323147065756
01/1983,0.10749413583811851,0.7986082329478854,2.2555192735484413,2.0563749884757665,-0.2250701096003307,2.483720955359586,1.6083042316315956,1.8027413421729763,1.9639536913680293,2.2120183360829047
02/1983,0.8247120608872611,0.35724865564421837,1.4780645359101972,1.6249484759966182,1.536469524719887,3.11741567557443,0.9682532295936994,0.646967601538224,1.4378371759355244,1.5910412284052982
03/1983,1.4308495641402847,0.1979487240809339,1.9922936591095246,1.2538422780540954,1.8426403274894931,2.0524535376948627,1.726973854371454,3.6217405940474023,3.6420025765875748,3.078304163463453
04/1983,3.9328631776426963,1.9628581459765888,3.2105726417281333,2.5374221047039938,0.27410633445266663,3.5003173912437564,0.059211230033478834,-0.7431293342408734,3.2676232951278563,1.7122014217743073
05/1983,1.1730140335449777,0.8646917422137892,0.9688802624044909,1.2395808783367581,0.8351208479170171,1.3246568458860004,1.585414208200401,-0.3714348543809547,1.044964913081287,0.6052294002502218
06/1983,0.20812424800536145,0.9735154422081725,0.27678628731393085,1.4808754511938673,1.4921869702051136,0.5954488219504215,1.0450408611584607,0.5728247131449093,0.5727622152743369,1.1659636695674143
07/1983,-0.12920137619090555,0.6204920675157333,0.6526057261509585,0.03719267526238268,1.5329035374308921,0.7971836107632109,0.11386489970804003,2.500547028886177,-0.1914981904052494,0.8829143458598727
08/1983,1.4915614113271534,0.7678954936697108,0.8104149943596823,0.8878881162257926,0.49146134689467075,0.8502082803319889,0.9872886516479215,1.5309003991224441,1.317729274952371,0.29615310003518963
09/1983,1.4629358451321448,1.172893085976621,1.2954840027374719,1.741556885911046,0.010093269159356044,0.9311288295513462,0.8720234422699569,1.5242868153738174,1.039246661133413,0.8384008825664604
10/1983,1.094901770854169,0.9053567227306751,0.9738215745840437,2.899382282741418,0.8604321837731133,0.22998234802757322,1.1397251359400846,2.5291248353180036,0.5374184573229314,0.29647620883503034
11/1983,0.3723170213044472,0.7016922640283914,0.8808365677624306,1.6525846940124844,1.5458607396949482,1.4376318293840735,1.3177761674078219,1.9093230490716018,1.5028864422280357,2.789009766113714
12/1983,0.2735261952565484,0.4866736056764218,0.5652679149884952,1.6938853515699417,2.0153185232403152,2.8163984861351983,0.9819047974249083,1.3346918267510135,1.2964379616241106,5.279887136773528
01/1984,1.2307849904052404,1.410057386887029,1.3040628838875907,1.5783243422812436,1.3868867535161151,0.5160054819333544,0.3160611405200763,1.2363004420346273,0.6570030691328161,2.162301341048313
02/1984,0.5008972943750909,1.331863890906941,-0.31398355380944354,0.8337038081252005,1.2546761698526536,1.3780739364878092,1.5009741592928783,1.575136515095834,1.3881661629824134,0.7367963294844734
03/1984,0.8627399756774706,1.1957248016605027,1.7409211152678283,1.4038525508121777,2.135247122687412,3.005060756566644,1.3119972242606892,1.0559755004958093,2.238914635007433,0.9666040792676313
04/1984,2.1161829422568372,1.3745887796436482,3.8103486890439386,3.045359445607603,2.5515739519265277,3.052523583677668,2.5273442913718527,0.6870169135546254,3.4621649365533576,3.529857505825621
05/1984,0.5186960279259468,0.8881344440386768,1.0709699750261905,0.9581028004516402,0.5962618940054223,0.842489915680385,0.7010151646185819,1.5326926790280158,1.8646633417640852,2.2201753966764564
06/1984,1.1690084411429769,0.3574177779025704,1.3267538120144868,0.32979001611413566,0.12623064986853005,0.8287730989852099,0.7253628094395576,1.3322137082785726,1.0604062300486652,0.6040332010577864
07/1984,0.22238675653080908,0.21240946008381867,0.7301461210795023,0.6185811287101942,0.614415668860844,1.503842913938814,2.346816972147711,0.04668343199307956,0.9361510243341298,1.0825797375150112
08/1984,0.302778998314557,0.8994864401396518,0.4143934750158467,0.5499508362954413,1.6004450122980887,0.5799587779174222,1.2692630855467026,0.07256577702523792,0.09130360577840058,0.9267154589518336
09/1984,1.4642955091258945,0.6737859956732647,0.7511829950050171,0.5425010114807463,0.6091199062276333,0.5713659351097107,0.10512531090483856,0.031593280316268624,0.12057251693185478,0.9911349953005296
10/1984,1.7970993013246346,0.5010495866480751,2.4832845852150496,0.9489692362274071,0.36697825216444024,0.49473965582871937,-0.20074841829841217,0.07291982519533635,0.7688731066977128,0.5922335599870061
11/1984,0.3221230830066173,2.2923035958447,1.0592601115179632,2.3264672637827166,1.3711363525885538,2.31576771348335,0.5042341027796906,1.6587182556116407,0.28579436330377717,1.3956174532452632
12/1984,1.1525188015146697,1.5686927714012069,1.5616568992177542,4.585198912438958,1.416779408969242,3.3945216850255036,0.27702291151408565,1.613678548916885,2.5889213916233746,0.9894940019648669
01/1985,0.3917257673230782,1.3473863594365134,1.415664799612149,3.7394705688465235,1.2969304564159225,0.8984514995624964,1.642995236170941,2.3645117378762937,0.24179501991102081,0.5790120882465188
02/1985,1.726744933012927,0.6412420497771627,1.388159028266196,1.6702244645276247,0.2195346180995833,0.44178618096056477,1.435047142378687,0.7666015582248599,1.1505003240015563,1.176912210640722
03/1985,1.8104884905591145,0.5902621135161557,1.4948403789229079,1.650898456447093,2.179649662288499,0.9152197698084141,3.1755678154906724,1.2436300908259972,5.921230722309804,1.854059897110029
04/1985,2.341597476608575,1.4573762823759184,2.4533321983400005,3.1278226397568054,0.5986451452507158,3.711134673742056,-0.6799537139215337,3.2052475915762506,3.836997215348773,3.8881201622745705
05/1985,0.7832972646598912,0.4520672109305338,0.5959464131483735,2.424795412386673,0.6033917842452863,1.6409043845036193,0.8531185291852159,2.0480505982524164,2.480946222541292,1.2103070668474607
06/1985,1.705849120876127,0.7320656287146367,0.2564040591104711,1.5767463528288168,1.410071329951812,0.1016876467263812,1.1400845179064065,0.7609008960572978,0.9707078776389708,0.97040344221363
07/1985,0.027329477362814103,0.7773154729759921,1.4106823306254437,0.38607759918909945,1.420527652041188,0.4070950252855149,0.5127629574915051,-0.036127341435952975,1.6856590410071521,0.49603376339907895
08/1985,-0.10543022277816605,0.050853896016111566,0.8947767364362473,-0.055299477420266974,0.7360820283689578,1.274684006190413,0.6239848987594335,1.2889033107690713,-0.022147266854934067,1.0513569784351466
09/1985,-0.04792919297381715,0.9414676009453345,0.7342315055089852,0.3294595771994092,1.2765591475463913,1.3542197082800134,0.5148370284807854,0.32142411170894547,2.5133616849418674,0.7844929214297998
10/1985,-0.167439762112154,1.1911554324953049,1.7583177892314494,-0.15820878382932813,0.47563255893711864,2.313631639904009,0.666648064888079,0.002461193589039845,1.9934637645087845,0.21803551235175667
11/1985,1.301163885865432,0.07572312553328164,0.6684036753618963,1.1330491487949563,0.6341236171129211,2.2882642565681692,1.8932207556484593,1.2330085075279964,1.295562407396746,0.3144612887212974
12/1985,1.993890371915548,2.3731324602579074,0.3691989417759931,0.8418054524364069,0.38479860053004344,1.78347697861641,1.550114573873489,2.1581054214774045,0.8812730484050918,2.5808285396379564
01/1986,0.6226392848958568,2.308522644540365,1.9134474387286458,1.204044879749996,-0.4458981953550354,0.6915859664597845,1.1850501120363546,2.4506594822866274,1.3331170848021436,1.141359148748761
02/1986,2.3954479381898617,2.260712731584791,1.4339851869524067,1.1667859104059852,0.3224353795975277,2.0577829412830373,2.0485285619686815,1.427519032975559,1.0934688414976768,1.1287313349964294
03/1986,2.730222942864189,2.213563099898831,3.273081936576884,2.8639267003173217,1.0397485478773527,1.699023140002432,-0.24382748900923756,2.2177051370214236,1.3233470807350627,1.8207493920674016
04/1986,2.1562581312640683,1.5032582084854167,0.27778795979891324,1.5678127341438701,1.4754491739155742,0.37979417097286383,4.272805795776185,2.0257622816105707,0.8953897352348523,-0.15990222216214667
05/1986,0.5771575453693484,1.0666892937399077,1.3940596638931693,2.423422840084685,0.24756817925792485,0.46551019205271094,2.081362170538299,2.4947628898451746,0.1989834213629451,0.28471523922886577
06/1986,1.6510481084826294,0.2671845033920994,1.3399935504276443,0.8003068251379193,0.9624912510064432,0.2017447664364711,0.6233616551433362,1.2091176640345815,0.1516612811346318,1.1222361392286113
07/1986,0.19762158510320627,0.2359416958236754,0.8671130586789181,0.6068557230415668,1.0282087971654172,0.9876405099378736,0.29768384044004836,0.3315252380999214,0.7272588741151176,0.42385968668306095
08/1986,0.227878794891326,0.8338695443912747,0.5206355575800607,0.5397476595180339,1.2407405295762994,0.416702110743988,0.43777675223182594,0.21614036238777495,1.3370330004425464,0.5466235198907337
09/1986,-0.267281529858729,0.6216962943380466,0.3680000313632638,0.9277606806192602,0.9424880856433246,0.36571426681846153,0.7464835610479847,0.8557218779449066,1.1546760402488174,0.45516822226231607
10/1986,-0.16558374498097483,0.6190964719067638,0.07010917892089696,0.545743918748638,0.7943192432145735,1.9460711659367496,0.3875473129574603,2.545780436632444,1.8016252287124743,0.3771208739787714
11/1986,0.9362377368471938,0.4547638045700563,1.242939527559762,0.11332823748482845,0.7971679164125919,0.7985095640582627,2.6834240880506925,1.4866690436052512,1.5871130176899124,1.857008108939735
12/1986,1.0823839486490274,0.8879770594934565,2.1144194364225664,1.837975146643239,1.4574110977592734,1.028458040496247,1.8530831135441719,1.3313126493702543,1.2212562547911925,5.018629397948896
01/1987,2.5945676405610696,0.5939468340937746,-0.23022255930518432,2.640863500119705,2.0581499762016753,0.13191599139904686,0.8153388712054617,1.2433915882674047,0.805826460227639,2.9956699878843263
02/1987,1.2969247836009654,1.2195948437591893,0.9897465507651628,1.3373170753164767,1.2532177350632772,0.023555165028918523,1.0703484818293492,1.2932704614413266,0.9672881083990565,1.103573654401817
03/1987,3.1911753051175413,1.7097529816636585,1.918939653600022,1.081172504721545,2.714798083456863,1.8931795147788522,1.7674275249732725,2.03514260346352,2.3410586913896667,2.7055526543345167
04/1987,3.5888245615,1.659196114155749,2.860222985897463,4.651535129159187,0.8557896195792112,3.551850366703314,3.9832835053212072,1.521428250356719,0.7820322024038537,3.5035392442910585
05/1987,1.8062489411216665,0.8523942192548815,1.070023866928059,1.329718902694616,1.0456390837460279,1.2093943341629545,2.0799520602444317,0.9265766912180942,0.24619985906771968,1.6296637269167493
06/1987,0.6492300675016544,-0.06159214166088944,0.4608686525203063,0.4811209679229317,1.276342540905839,0.7227972134025957,1.5557218227783909,0.594296963883743,0.7895048358192809,2.287508872293275
07/1987,1.3720816704282812,0.35149558753004917,0.4343592595175539,0.5051446509854887,1.5897574034597608,1.6140032410446659,0.4519992499156541,1.9742732344792155,0.71131207865724,1.7991651609101855
08/1987,1.3368879105636349,0.34932700524170673,-0.041070863874868135,0.5852674671718263,1.347131415733661,0.4157982668705573,0.36443822984573987,1.365013086700742,0.5724585275128965,1.3226550630336276
09/1987,0.5492499136910749,-0.04197038758724525,0.8341452461178873,0.19784826400076755,1.5067583731539127,0.4985167516909387,0.10272252548593219,0.8331565275173987,0.4576590684537557,0.4056073482478379
10/1987,0.5109143959994236,-0.09810137757327658,0.3732613553141496,0.9289696513004285,1.5732336146718935,1.9570980022199538,0.3556613896137064,1.187857926544519,-0.20189066043796366,-0.015153762852530783
11/1987,1.0482295878821168,-0.13192069082046354,1.9016625525139705,0.7982771347993617,0.008915783342949402,0.5521102752762886,0.6249122881172111,0.3527329573552964,1.7552553012843202,1.5171518088527023
12/1987,0.862654858284301,0.8255215517175392,1.5714512386817567,1.8607484664907201,2.623801325365614,1.459198698775062,0.3765487588120784,0.1379935664696399,1.3112248862074676,1.615356870363081
01/1988,0.9253873852618589,1.3049939419769734,2.1547587617051422,2.4704233654448946,1.1302698641069422,0.5837578051834686,0.7453375826424742,1.5258330426862465,0.6679999822734531,0.6869534740665204
02/1988,1.4046025709586347,-0.5338737353587186,0.8530510354298422,-0.17777143726254008,2.0612404769481256,1.385629486528235,2.1549641977726584,0.2334481336382438,2.117950246564336,0.7787479142553138
03/1988,2.292968447145433,1.7697919967378177,0.7450139552295989,0.2565208514966719,1.6661598370861126,1.9541744824301206,1.6281450999146254,1.2741707925211316,3.3941750191646425,0.8777012085971051
04/1988,1.4032617028587924,1.6492637024356758,2.857188317767709,3.24931588588289,2.0222025320752643,2.271523577601308,1.0721280172257917,3.013890671468263,1.5120448690268637,1.4620822502234896
05/1988,0.39935025330749796,1.0021493997103181,2.395871511039979,2.056945406199891,0.952007250633978,0.9547470920498198,0.947919087123805,1.3426553152600762,1.3904649980550097,0.8084628191635372
06/1988,1.255081464878795,0.7111740054967624,1.0931650891819014,1.3648615332130547,0.9539262373844153,0.5502485470535939,1.101416918961844,0.31607656975666376,1.284644451456441,1.131631975450935
07/1988,0.5440550383756986,0.36685415337977006,1.1141909713210774,0.7035570560389556,0.6543379513939425,0.18452278593570048,1.4211323152308721,0.9934371310240538,2.087069547142973,0.3773786583581976
08/1988,0.8544208837653333,1.427316747061806,0.637015433843445,0.3900033524879235,0.4287209699858172,0.8126758830665621,0.2589433355822561,1.000855008004946,0.43753722945199813,0.5091754680924023
09/1988,0.8350221634248037,1.1984119560884667,-0.15059926935038737,0.9510768245658598,0.8881743840883097,1.5690626137538017,0.3034046739859629,0.6836752926088322,0.11967660197032193,0.1589157431263014
10/1988,0.9814322197890969,1.5696107103314023,0.001317299232978686,0.5282306083824502,0.4475724642545142,1.8921994794100974,0.13719098653391448,2.754170882317464,0.6416082988020343,0.6043209660121234
11/1988,1.0428151434950126,1.6543571693250687,0.0387767574863791,0.823549905800925,0.15650299589818095,0.8536691113300866,0.45230561078083964,0.5729971763700497,0.4782399325222706,0.9655296507051573
12/1988,1.6743932043403331,1.7005784510428585,0.19238836298217288,1.3714800167213488,0.14476753677575172,1.0575083950452335,0.5860918874099983,1.0256238099515136,0.3861298293892169,0.5944595201988432
01/1989,0.25807429587757236,1.026023558064169,1.0534096877447248,2.0596654320153718,2.2143273150974903,0.5063407213318066,1.0192799219278652,0.666669642669685,0.5252536948773593,0.1826995243400017
02/1989,1.2943076652173324,0.7784395810352456,1.4164117777079932,1.0567255444472743,1.7576275406357675,1.4348257302114402,1.1271929774525968,1.191518815505015,0.6817038367413493,0.9100095570266925
03/1989,1.0738630427768925,1.3306933525826454,0.6712097687066174,1.0365412957180615,2.538126628457064,0.3059807517297888,1.8290510623599432,0.8272666184540727,1.3800150830189186,3.3399016199278497
04/1989,2.0209311822106053,1.6115871547935008,2.2496412295908064,2.129325433186086,0.01247660732700373,0.833742557357988,3.0983339856154783,4.552421849180363,2.9061901897155638,2.037588861661933
05/1989,0.6183179468684223,0.8071684040678829,0.7673842008535045,2.4081684686874376,0.060881531263896116,1.0677896182954292,0.9292828075146204,1.4160969676037174,1.2644257197856423,0.5395504167399602
06/1989,1.3957521007049192,0.6809604370684186,0.5200737912827377,1.8377991563435065,0.6624234660376213,0.8805141035647526,1.0251430977973228,1.021293282695968,1.2861694719391679,0.34196552818437115
07/1989,3.1476362038361105,1.5803043231773861,1.8740916752471581,0.8722394774218367,0.9350664848653569,1.33770017349278,0.0502904717061331,1.6207782282623373,0.1792776466326872,1.1374450952662374
08/1989,1.0701276558769213,0.6125220336098841,-0.12145823926387611,1.0015193350772227,0.30935437897894646,1.2219255050091173,0.5589103886310625,0.6667726048343114,1.0073131380305007,0.4344108776874455
09/1989,0.9134667201777334,-0.29396465000610783,-0.16123744526234163,0.990650248119139,0.2764480352813106,-0.02663165555349456,0.29226539986829253,0.7921534824552979,0.673249602337799,0.7172127085490434
10/1989,0.5699409197575269,0.10038417762713837,-0.4360807730494911,0.6211140572484188,0.2795416111513467,-0.08413569981011298,0.3683065746517512,0.10783551810089065,1.0958273458711854,1.0973130303798142
11/1989,1.6527602028053832,2.343879371622066,1.747499294182861,1.4525318529856508,0.3947943976084375,0.6313070254771211,0.66641555726161,0.8146727255559466,1.3274740917854126,0.44915190037565433
12/1989,1.5780770355910532,2.7392762219003424,1.247959213017034,1.214363310938516,0.31358428486828815,2.5529787063259644,0.5839014465970561,0.5178156366360674,0.8236047878124108,0.8945380960991222
01/1990,2.150155257168678,1.3751970832589566,2.320024566927127,1.2165872300253342,2.65482352771777,3.643599874773377,1.169526297972462,0.07533788301180422,0.18154011553569882,0.7204871724204044
02/1990,2.5090955668698633,0.587229832023805,0.8514096811802812,0.9045283835225832,2.532803918175304,1.189693029793415,-0.8385001373753629,0.8351228012806258,0.16719050746351682,2.2834378775863335
03/1990,2.3394722140366184,2.4601853271031495,2.5946283543398914,4.68833604611085,0.9682358960826221,1.428416366978782,1.2734290206979868,1.2508117014446642,0.7439002044235494,1.7570201272565638
04/1990,2.180863712629033,2.467407940830955,3.8492240018584347,1.422104617305593,1.6338557983793707,2.626699644094551,1.6137154696943559,3.277572664919916,3.3160885001595832,2.453800077523478
05/1990,1.3524212620053009,0.5970997763043542,1.0624915574360223,1.6610356543933977,2.2145756601271795,1.0240811724680747,1.4951478124149866,2.118173213579179,2.2618943322438003,1.2166718499611064
06/1990,0.5955505027747245,0.9632134895364683,0.6756790890648053,-0.07845935213616073,0.5287014694267728,0.34631777186972434,0.9871103754764531,1.2704527281821554,0.5724479299934241,0.9191046307517073
07/1990,1.155508733029972,0.15825109711636998,0.6035224613037782,1.5766140811984641,0.5156866494437957,1.30729180327284,2.366304038097243,0.9916978927285581,1.9563563719985702,0.9227678371608433
08/1990,0.676994602099502,0.6259276488576946,0.6005763261165894,0.639309714183065,0.3583801728316187,0.5597604933625895,1.2769484203855366,1.212384426369983,0.9696218272938514,1.0134087761155708
09/1990,0.34242791757370417,0.06420122267585548,1.3110212750612977,0.6217142196778753,0.5541077890693753,0.9377286951434349,0.9052875208424331,1.5831199023505373,-0.1167557044858768,0.6290567908859639
10/1990,0.9364830487221146,0.7574666541018484,1.0835658297134836,0.7361669378273228,0.13890649049706516,1.1779869317564091,1.6538931979653893,1.626352357780085,0.0793799246259306,0.28762598595175287
11/1990,1.7611919195868435,1.7856326497374277,0.9813044190606584,1.487681379446153,1.4793543479122633,1.3652658116451217,0.10752287376627612,1.7637559932964533,0.47035091594402234,-0.09192000763902453
12/1990,1.1837078578888658,1.2762046661107398,0.5881480240504314,0.9507377687120476,0.9931191420453468,2.619052818388904,2.683379607698717,1.6004675037151523,2.4219668205732483,0.05773765553290677
01/1991,1.6460209786033566,1.017665425449374,0.37926573806095054,0.36418681518131524,1.1908871845509872,0.7381193484752012,0.5374954168173909,1.7166279488895608,1.2402839702830484,1.2806379595948103
02/1991,1.355267998979814,1.072243222788096,1.7811224468442126,0.4840839717077986,-0.5211419296276112,2.1323897098849782,0.2488011365165974,2.279417723114509,0.4753610290190432,-0.5641261497428671
03/1991,2.355635197398308,2.852144678852281,0.9942832780495532,0.4779943291186455,2.1760789515357724,1.881456213842736,1.3898434240385051,2.5947872365908906,1.3735955397726898,1.3100099662743676
04/1991,2.67655059268642,3.56316539953184,2.8148941117794637,3.911132918648028,3.583364259451688,5.902100551219207,4.2141796171962564,1.5135503643457282,3.0809922671420398,2.407146205458
05/1991,1.3444002102659252,1.0241296007785796,1.6572487457889629,1.1736308424838322,1.1508398585440978,2.5994137939457826,1.5298939766655553,0.8405653039968324,1.1714942108417863,0.7249009715295406
06/1991,1.2371862764340036,0.12144135595735495,1.2611052537084158,-0.28304267620502044,0.5918598951616127,0.8282380053176874,0.5681061977970769,1.0066600430614185,1.0465064827908792,0.7434998800328305
07/1991,0.9561532328845944,1.627350458948104,1.2204170709813904,0.8468331944019771,0.5415762082593236,1.7593207774971364,1.3591327032042093,0.40788038183924974,1.596661465327034,1.6946655517828764
08/1991,0.4909370767892913,1.5410590382614857,1.1696794515241193,0.3215700105168568,1.3658405095112254,0.7088762435564389,0.3897052446950058,1.0181738583756887,0.7227963749938333,0.7976768212806553
09/1991,2.0709813987928727,1.0491239372395305,1.3495014282416053,0.6861847904635275,0.7313278605673005,0.13703053435446333,0.10039609815832051,0.8293493491967342,0.3980245996547202,1.4624451036236545
10/1991,1.6902117363421094,0.5582231191490157,0.6026940614791417,0.17703224865075573,0.5720133516892085,-0.0036873775416567667,2.404156458940144,0.9111368184529841,1.7821725057374147,0.8181769583255087
11/1991,0.7608748174303348,0.5474712607750506,0.6725198548590945,1.0258368655104528,0.978575104551333,1.0501328391552727,1.3494152513332769,1.693243368193639,1.472893274214901,0.6806921799656542
12/1991,0.5754831994164894,0.5017397066703523,1.0646334739267072,2.407900351440326,1.8915156220913756,1.7354125403586478,0.9150743603337406,1.4148209371153144,1.0077423335219184,1.106240569148529
01/1992,2.77526363960055,2.300074291624512,1.5981471624725896,1.6083198725232506,1.0792751335874595,1.123598523954771,3.1966411113063735,0.3219345296376137,1.2819877558509536,1.6109249535006975
02/1992,0.4728841032086243,1.7059778201731213,0.3398369851055243,1.4274562462173768,0.3367469729936122,2.3681302501779324,1.2160519021516147,1.4564471606998417,1.188099362762756,1.064889906188701
03/1992,2.1323966204108102,1.0437800585357653,2.041805062109352,1.1267714355953364,0.7655862553987406,1.5812745916747737,3.227884799336229,2.3973574837428804,1.0245303680540083,2.8335010765880284
04/1992,0.7828828467747857,2.7795716736784977,0.6420594950411991,3.210447295302456,2.637439585122818,2.099304186361767,4.068098604930564,5.674251871897024,5.341947835068698,1.8800066914864264
05/1992,1.2146679066261308,1.330751104245955,0.1205730511543468,2.079546525150833,1.731559317573923,1.666694023735975,1.6411224506610809,3.1755731670971086,2.361587024390428,0.7943000742767315
06/1992,0.9665356134974967,1.0809594929023807,0.055303603582288474,0.5084449130981049,0.8654871206225205,0.7546326070976556,0.41268658430157945,0.9482960693947372,0.10610606672079226,0.8462049381251833
07/1992,0.2891204011938998,-0.07140038558819606,1.6754600834686846,2.8376448171423476,0.007739748564622784,0.5145385475483335,0.4363974049238296,0.14400397819490518,0.4375759990067909,0.24251642441317578
08/1992,0.5871201982399096,0.4343495086797497,0.5464066390327398,1.0487930082602155,0.31489822158111147,0.5467607439953838,1.6870581487997325,1.0871008279603975,1.6711196227659146,0.790903722673184
09/1992,0.7697203694118704,-0.3226354324729652,0.006552966339528288,0.31256255172125286,0.8508379277696402,0.559991223804229,0.7304737283785258,1.4820189825412775,0.8881817527059774,0.12324069095131962
10/1992,0.12408941138918927,0.15172607116252634,0.35617965247474614,1.2075339302362,1.3766639556814888,0.6413940305404474,0.6966250793944919,1.5342129115091794,0.9285927101046445,-0.027784976080274304
11/1992,0.7907276839929704,1.1257632641120559,1.0184502514148692,1.6346798244037122,-0.018801669431095736,-0.3584708875579228,0.6813153451671486,2.1758071306673914,2.31125076160551,1.486539300006624
12/1992,0.9999353881579996,0.8013733152469718,0.8922785088065139,1.9234947034571757,0.5932289609565206,1.2250651911792496,0.5582596209753625,1.444267839595844,2.4430147518581773,0.9500001294442851
01/1993,-0.4830099562338377,0.2868551508723899,3.643009901701567,3.8722273772583065,0.6151180361017567,0.2232090565862166,1.0914317695610605,2.2274584165956313,1.824915981508706,1.0380340408819297
02/1993,0.20829899749649106,1.3597887978667946,1.5230900844716748,0.7513993558200922,1.0027086965943495,0.2922947413813305,1.9571722213057856,2.2140168434522165,1.355339168746392,0.9998196959136124
03/1993,1.7809974264854864,1.2916290820257876,2.6857792759827888,1.4367182457018648,1.0615233888567632,0.8216039998811046,3.7958099381751467,2.576885273355323,0.9008780715786402,1.8317787869561375
04/1993,3.1430327218032232,1.8678468954279763,2.0637260093156713,2.2272138864518,0.9405386565533922,1.4338426090153744,2.030404938608684,3.171442423020158,3.164552874276524,4.2251219437362515
05/1993,1.3890635462927359,0.5709663628823445,0.6433858033173652,0.5275080794612609,1.06958961946864,1.1183645674031522,0.5831358082863888,0.8261639767395185,1.5418397924825364,1.6560680953941136
06/1993,0.9695452310755425,0.8907648955473876,0.5364226426123941,0.4905701057403885,1.087066986829091,1.4683275710513275,1.2526118702012028,0.7228063894111386,1.7011619301149554,1.306729199043033
07/1993,0.48937079307617937,0.708783359404678,0.5428354022942381,0.3173997666819811,1.0664184531191863,0.9028709015643046,0.4582469173658301,1.519512340227075,1.0977591645089468,1.6569963215681733
08/1993,1.0994278797204666,1.234139310596419,0.6098761241754997,0.8374193817121115,0.2616267062981884,0.7904993983963396,0.73123733849389,0.735990468078273,0.48402439473653586,0.761389763966636
09/1993,0.7543116232654179,0.6362370394933542,0.7466977651223964,0.476470411577976,0.9371559632803694,0.7003110553548494,0.4968064384483629,-0.09500030055329711,0.46338207008128396,0.8049852552880339
10/1993,0.7908441358745223,0.6025173277791248,0.6489148919881822,0.22775546371211136,0.41518939332532123,0.3732496826147603,0.5092693627825488,0.10830583619549775,0.518931840575313,0.4046197120591687
11/1993,0.5016711276425736,0.9477515769007352,0.6865038040989615,0.5966078051275236,0.5785239848476058,1.952957238662715,0.818674450872807,3.1742395110540134,1.5499106060273795,0.39499032765989417
12/1993,1.0182943181335096,0.9788179198400953,1.8663746593693213,0.3511821427438401,1.4175047621164023,3.094684821385768,1.077588694332522,11.892877044940956,1.210446080880669,0.5550621763470429
01/1994,0.3419673208822358,2.3712351284160524,3.7451176836330813,0.7065970137720028,0.5161245071854137,0.6205427998555657,0.7560599920570217,4.574875857703359,2.180870324258101,0.20631077430636524
02/1994,0.8918017757641944,3.0511058811114378,2.1534696565871423,0.07087887908149582,0.6894428383317741,1.4314724016876033,0.4260227726114292,1.5221617525590119,0.6648881982844964,1.7436846114290874
03/1994,1.2587831784631192,0.61620219335742,1.6474472238900308,3.4016534029590932,0.4886955293076296,0.9729069472640988,1.7142025895423092,3.269194558896939,1.5061449606093298,0.750036939000372
04/1994,4.094942185117801,0.5514234220945746,-0.2768856953631955,2.4392060990790796,1.1795215685677707,0.2757483066367383,4.308851208619874,1.1767899656281584,0.6946131129583488,3.82275698061835
05/1994,1.9605454775975544,0.42265280420390366,0.45499020859935124,0.6507665435999109,0.32172752170185404,0.5336993666354819,2.767886484046601,0.5222078435223514,0.43888067573335415,2.07780645784982
06/1994,1.6185749815495165,0.8191065037419061,0.6654890090361177,1.4547245545720053,1.1569056062879035,1.6335268196070682,1.2272151606299255,0.6243783623798058,0.4180508816442873,1.224050740050858
07/1994,0.5034731091248024,0.27574728048262065,0.0591714753491861,0.2803426423700687,0.7813145701801921,0.7243767041045915,1.0890480558484619,0.6867335455665267,1.6823761130638797,0.18253525620150257
08/1994,0.9026702411239698,1.0242573364069019,-0.04260970641672612,0.15603753257206837,0.21319873693113067,0.5828667188950747,0.8096269393012328,0.9233827840802675,0.2931978864832692,1.0573369582377492
09/1994,1.2847769388418584,0.7304589901208152,0.47224837587318685,0.3640093397284802,1.4208035789196614,0.09380935384974087,0.3762670681693678,0.7155072372895841,0.5851835638353505,0.16195198599757488
10/1994,1.0153256018732058,1.1055652327090608,0.2663280448342841,0.528762047280389,1.3504126114647543,1.9343338508967585,0.10562270772938598,0.01472551338504069,0.24965525451779041,1.0181463020629453
11/1994,0.538082384895745,0.757024319365097,0.6978988800316717,1.7368560437478147,0.7169339711314411,1.5517686454163842,1.0685225688720152,-0.22251333127954598,0.9388966801320913,0.07093837977149386
12/1994,0.6009426765994532,0.4332492862104361,0.3949230738569277,2.4048387751762306,3.0909463491775915,1.2060264121079123,0.8138369203301342,-0.27324056275882846,1.7374081543825404,0.007899891071365461
01/1995,-0.2912930824135187,1.447449298505254,-0.30261545205303597,0.07371924645717254,1.077089824938171,0.6333290685502266,0.954989295164671,0.8474876402379997,1.4944195041040536,2.1173257782888086
02/1995,1.1620551590978576,0.851777148039154,0.4849798710912934,0.4912681199295436,1.689557638631792,0.6151786437426976,1.4647388918355264,1.2753320619472548,0.6230651918090748,1.0790432987839442
03/1995,0.6747546830710092,3.379127848771314,1.8896554780671422,1.8591683937677137,1.449745389487815,1.4208241932235546,1.1219340258055683,1.1101187329649127,0.577889552703212,2.4085344211988153
04/1995,4.627133449413667,3.671270201977948,1.615780963976214,3.435768235102216,2.260113557876183,1.5985492084118713,2.697806709253357,-0.09157328252375496,3.670473914836494,4.410484512410479
05/1995,2.1832024744555985,1.18506019992483,0.8101279941288316,2.208071026148825,2.063908768719616,0.6398496395001507,2.2158973816505583,0.4960650437120534,1.0513578378175752,1.6153272333678665
06/1995,1.5455480196249276,0.8162382034321998,1.9883094216743455,0.8714112858148129,0.876027434626887,1.3574781793272175,0.5321170954855196,0.6778887925053522,1.0675220549526059,0.45057656578607386
07/1995,0.6356303713537761,1.3912078866919648,0.05695566221883508,0.36711324118915395,0.30868707844994725,-0.06772179259714317,1.0875494225052416,1.0383435990750332,1.7078683599242117,0.874862429092477
08/1995,-0.10709444882743369,0.7001536029302913,0.6233976153590979,0.5814877232657193,0.0956159352526923,1.0783550695305055,0.8547240103193778,0.7407005170902818,0.6741243639788759,0.8831725669693077
09/1995,-0.2838249078313274,0.14470081687594438,0.6471316101864379,1.8692095482450761,0.9736956906769849,1.3929643481184004,0.8506387054807927,-0.08211336914693801,1.247657673766021,1.077934498846452
10/1995,0.03451674982356984,0.08058820187085824,2.618718424802387,1.9178699579527692,0.7118702783565609,0.6126852135212323,0.7292370214303217,-0.3269870804558971,0.613221720764137,1.0629406516018416
11/1995,-0.12164437056141941,1.6295720517808436,0.4361635815519599,0.7688992293343069,-0.49642053396325814,0.5242544158476212,1.049146128211195,1.1200823310320671,0.7734191288668588,2.5711261117594946
12/1995,-0.10419811699378723,2.6511100260601417,1.5954443265112452,1.1160828538077834,-0.28662341549256654,0.33641285914237895,1.0615059692063378,1.1613347396386027,3.0448969816049063,2.2528848381994244
01/1996,1.5240905717177444,1.9773844422335194,1.1938380452473007,0.4926505412634038,1.4115453099183957,2.3346511574899527,1.524365181655487,1.2297150135272203,1.4635036751087571,2.03072703297334
02/1996,-0.10190829056538875,1.2479426281694685,3.613381257250393,0.9265789090212762,0.5535197030005043,0.9325739044123591,0.8352543629382384,1.4949857042678931,2.1801712813643643,1.2743042219422307
03/1996,0.3467845107086496,1.9027039841455415,2.148526440426413,2.0436290754386746,2.7480221598289196,2.3515488695977416,2.0438590306302924,2.915452858288955,2.1303154046585733,2.3778704553181207
04/1996,3.9165971197343667,3.6464444312475734,2.4182450017332062,1.0905896709566194,4.951052231819613,-0.122729320507041,3.013740034894166,3.8738991351256793,4.4028633286958385,2.561707900217702
05/1996,1.9238670767072223,1.315830438836517,2.373730329593753,1.345270501293298,1.4488272378386668,0.044212087249768384,3.0551960843119126,1.187693720903106,1.5457994192707476,1.1012511666135123
06/1996,1.735869433508514,1.6117296025169185,1.4428105167193437,0.8371160183603552,0.8478703937244901,0.9047821826637205,1.8988401816244882,0.2016186982580408,1.1889169805823763,0.9102805403124763
07/1996,1.1162891712779435,0.15163828642155208,2.2657035227590354,0.6072642119842577,0.5564397052071988,0.25666190056763805,0.6677238512246122,0.6938716187266919,0.7245695684195673,1.1546781892063427
08/1996,0.2085328175108354,1.017916756229796,1.6158135665130164,1.1514187654187906,0.9218036366556972,1.4089887592756336,0.7131202810643179,0.03615204786855852,1.5932827750380725,0.8327007088263396
09/1996,0.6749929457589937,0.4946146151017915,0.9502988656769888,0.3840974348736529,0.47977992873754843,0.35936503716774826,0.637520277684017,1.1505832991015401,0.7283139827493692,0.6153593050008874
10/1996,1.1227829051843474,1.1689075445313135,0.9885795962110189,-0.008094703421174021,2.1181740941540776,-0.021144707771935667,0.941461073479373,1.613977549487406,0.44837212841209667,0.6425433153921986
11/1996,3.4192587389858606,0.778537238083381,1.4664265835352317,0.8347222070586076,0.5202544202090919,1.7303620176735854,0.9792374023397609,0.317658745399508,0.39565550694012186,0.8648475114599198
12/1996,4.969138070123439,1.4246966382477175,1.018887863272417,2.739105336153264,0.3092983771635073,1.2796264764515382,0.6023525490888191,0.47984669032630595,0.570288775461532,0.6665692514924098
01/1997,1.368010840531264,0.42667326114625437,2.648734821515231,2.6716304879183044,0.41920484906125066,1.6644657003477117,0.8733372455087592,1.9983356715792935,0.22493100426651746,0.5656384827626406
02/1997,0.9161926997963025,1.100683362293989,0.8408086400297102,2.0326431030916945,0.5490239563574704,2.659919275227001,0.3741499786725787,1.5181121271916012,1.4617524644588533,-0.06229754067632165
03/1997,1.4418146453750826,1.0670118518041622,1.718431094493933,2.6073040094276063,2.838577621445396,4.3293369918117195,0.9746724898307025,1.2746428864028552,1.4366826879660617,1.8769054000348673
04/1997,0.455351770939487,6.184774975707191,1.123382617935973,1.4643359930246156,3.616089578227677,1.472181360379044,1.5627389710514157,3.2221517455186564,1.6086070347498076,4.846106661452943
05/1997,-0.08416672740570541,2.6233916899188086,0.6646079541443406,1.8720681082268373,1.1182946788459176,0.48990731181484276,1.558566550267833,1.0167232520207972,0.8964322748994163,2.528768949915675
06/1997,0.569559815401488,0.29186535336312036,0.8585546632759322,1.3555514314953756,0.9462205848421464,0.14722188631621236,1.651961602712761,0.39034454501844407,0.8604089273149903,0.9727516155691285
07/1997,0.37239092282898634,1.0163937229908235,0.5921385463145585,1.5650622628141195,0.171650585133844,0.07228513657899316,2.357217948659454,0.3259563193859735,1.3669379817891767,1.3514004316353294
08/1997,0.14862828600693656,1.1508367781363118,1.0741843992512246,0.6295243359514404,0.31379036358383006,0.8764122440569124,0.8663478526698176,0.39469585336545426,0.08920435856722697,1.3506957491564218
09/1997,0.2608036493482357,0.9188930490515317,1.029224670888197,1.3870346116296353,-0.09611089992741739,1.19112438093257,0.5143778731070823,0.6090662914914127,0.6068768402251294,2.131428169556032
10/1997,0.9839649729917518,0.19177607814405728,1.4790237262697232,1.2337490893255407,-0.2795121269201475,1.4817757744180509,1.14192341499495,1.511433755877574,0.18886352183839983,1.6541966391213787
11/1997,1.3716039342489899,0.65024320940881,0.6064297456731595,0.6248807283367925,1.0684302344654233,1.7474851557862894,0.766747115273968,1.9828015535259491,0.24009585289142865,1.2768742967072337
12/1997,1.1078354041932443,1.3266080732605756,0.31989357613795777,0.4970229894933911,0.9321189303185493,1.2063823191607743,3.150666679671543,1.3690303033116278,0.22718177056616984,2.583167084324148
01/1998,2.5190232995152853,1.3024712433727712,0.27694240222836763,2.0780674870095535,1.4345477904042507,1.586570687703811,-0.5716080771714176,1.141673147114658,1.3786996550065003,1.6590892393629277
02/1998,0.6869372215224269,0.1885864817557038,0.025921273187708094,0.9393408937447121,0.3277468159023609,0.9727152438155551,2.2508976740299906,0.6303135086836733,1.1778171390974588,0.3103669477871477
03/1998,1.2132189903172623,1.8929445306093644,3.5288432085269403,4.462657615595643,1.048632579322623,1.6393554283772835,1.4171370301893167,0.5928247675962994,3.156387741507383,0.34414674739252993
04/1998,3.1721007982778255,1.4721507268519665,0.3006343586648863,0.052070776390849005,2.199101490461306,1.2870356552496496,-1.1887590673408366,3.0548502933415054,1.7269743429006121,3.014621838108889
05/1998,0.9197192795516163,0.2806488892277125,1.3187236109695064,-0.08806514006596677,0.9893946770535055,0.9507180127894655,-0.2325855250389408,1.2384470046507778,0.3801559369023134,1.1223095838569928
06/1998,0.6655038118096679,0.6474897974116434,0.09534180119848568,0.50346567252434,1.2227721783376395,1.13751187932931,-0.1829543584996427,1.5205801188047343,0.47942703299746764,0.688597612610932
07/1998,0.2139031781415437,0.9500115990513707,0.05289909501293599,1.111359388764526,2.1641794098789293,0.5063618655917386,0.7388580548828151,0.27422217350997946,0.585148500340309,1.2048942024019413
08/1998,0.9302367307490349,2.0763945134164414,1.1211455356368085,0.9402553125151362,0.9946133812423792,1.3055443711654102,-0.10975828126774334,0.5940653106533283,-0.3520036469316338,0.06426327006002441
09/1998,1.2092332323600616,0.8128110437405918,0.5262561966288469,0.701340050930937,1.3657615417728666,1.045963126399482,-0.19069799423022932,1.0288136191051684,0.9593855780701496,0.6694773986569282
10/1998,1.488298256653408,0.11800381184265107,0.7765038296465047,0.5844644158191121,1.010157581914115,0.3179559419656489,-0.07035247040505915,0.8386481458735102,0.8320720747974799,-0.04561685448360131
11/1998,1.1856372372332393,1.5401764745549744,-0.025783527887053403,0.150033616014275,1.2566428717988933,1.5592216272267811,0.8080218198642453,0.6602654649530021,0.47465747803458425,2.205348204995743
12/1998,1.0020559386641619,1.9090191578216102,0.3750395935000347,0.7786154752041887,1.9016605005880038,4.553506740472585,0.4797437817213669,0.35932288719946903,0.7199303488178703,1.563338481278256
01/1999,0.6192565228291256,0.7964817480897298,0.9064437169109381,0.5079835040711748,0.3425889762157315,3.5262839900603087,2.492303715357349,0.6693906760953603,0.45975558894051727,1.2521539482289927
02/1999,1.061440738407124,1.2588781055452196,1.4298826365283428,1.8428464679395509,2.356284687013655,1.6497172341220736,-0.11165007515974557,0.3263412861403069,0.570117788076097,0.5715259796681804
03/1999,3.017077503295258,1.7076160927988169,1.5060691728774989,4.407767880739041,4.6162715748869445,1.9616361193396894,1.7024776287344159,1.6681244149410523,3.3764507144641422,0.6078193826214751
04/1999,1.0399561730906188,2.77380734220844,2.2014936591010037,3.5586214852290476,4.014413906633111,2.1267374544619724,1.3315760554641358,0.7875217823359209,2.1502299075836953,1.6875335849849824
05/1999,1.2005163915210726,1.0122381791171193,1.071858021174747,1.0313264602542649,1.208270010595738,0.9802949721008782,1.4787884566006664,0.09405799089272082,0.6150691158320325,2.1988773790901326
06/1999,0.8445493947945419,0.7004462046185975,0.9779395171885118,-0.06463638046786013,1.3155024131840316,0.8233277552053846,-0.1163879385047808,0.19912535635273115,0.3090956301829781,1.5956524291438958
07/1999,3.0312758043005688,1.7500724983880533,1.9546462551396941,0.45478768533683644,1.0986095246046639,0.9216770918416246,1.4633789867903708,0.7231933199483254,0.16337846886901086,1.4704796839568326
08/1999,0.8824896892943487,0.6139752852587874,1.269157905489561,0.2006708633877699,1.1907871113878277,-0.14106862339386717,0.6842587962867803,0.32537702980125643,0.11681108774251203,1.2018811124497395
09/1999,0.7366535874462492,0.6469433102215716,1.88690003990486,0.4230993021304599,0.8904393725723037,0.32436603036485234,0.35880408506600736,1.3675831702289107,-0.059144199410127385,0.8558665203455713
10/1999,0.17235281799433622,1.4894063997172502,1.9854205150242368,0.7295979766699419,0.4380675115453706,1.6897961359745546,0.49844824380108727,1.4153564156662835,0.20899594555207912,1.1096267543392204
